genus.proper,family,extant,valid,inPBDB,INTEGRAT,GROWTH,MORPH,soli.diam,ECOLOGY,alt.symb,symbio,Reference,Evidence,Confidence
Acanthastrea,Lobophylliidae,1,1,1,2,colonial,massive,,z,,Z,"{Perrin, 2012 #14453}",Uniformitarian,1
Acanthocoenia,Stylinidae,0,1,1,2,colonial,massive,,z,,NA,NA,NA,NA
Acanthocyathus,Caryophylliidae,1,1,1,0,solitary,trochoid,small,az,,AZ,"{Perrin, 2012 #14453}",Uniformitarian,1
Acanthogyra,Rhipidogyridae,0,1,1,2,colonial,massive,,z,,NA,NA,NA,NA
Acropora,Acroporidae,1,1,1,2,colonial,ramose,,z,,Z,"{Perrin, 2012 #14453}",Uniformitarian,1
Acrosmilia,Acrosmiliidae,0,1,1,0,solitary,turbinate,small,az,,NA,NA,NA,NA
Actinacis,Actinacididae,0,1,1,2,colonial,ramose,,z,,Z,"{Perrin, 2012 #14453}",Uniformitarian,1
Actinaraea,Actinacididae,0,1,1,3,colonial,lamellar,,z,,Z,"{Tom†s, 2008 #11508}",Absence in poorly lit environments,2
Actinaraeopsis,Actinacididae,0,1,1,3,colonial,massive,,z,,Z,"{Tom†s, 2008 #11508}",Absence in poorly lit environments,2
Actinastrea,Actinastreidae,0,1,1,2,colonial,massive,,z,,Z,"{Perrin, 2012 #14453}",Uniformitarian,1
Actinhelia,Actinacididae,0,1,1,2,colonial,massive,,z,,NA,NA,NA,NA
Adegokeastrea,Astrocoeniidae,0,1,1,2,colonial,encrusting,,z,,NA,NA,NA,NA
Adelocoenia,Stylinidae,0,1,1,2,colonial,massive,,z,,NA,NA,NA,NA
Adkinsella,Flabellidae,0,1,1,0,solitary,turbinate,medium,az,z,NA,NA,NA,NA
Agaricia,Agariciidae,1,1,1,3,colonial,foliaceous,,z,,Z,"{Perrin, 2012 #14453}",Uniformitarian,1
Agathelia,Agatheliidae,0,1,1,2,colonial,massive,,z,,Z,"{Perrin, 2012 #14453}",Uniformitarian,1
Agathiphyllia,Faviidae,0,1,1,2,colonial,massive,,z,,Z,"{Perrin, 2012 #14453}",Uniformitarian,1
Aggomorphastraea,Latomeandridae,0,1,1,1,colonial,dendroid,,az,,NA,NA,NA,NA
Agrostyliastraea,Actinastreidae,0,1,1,2,colonial,massive,,z,,NA,NA,NA,NA
Alakiria,Volzeiidae,0,1,1,3,colonial,massive,,z,,NA,NA,NA,NA
Alatotrochus,Turbinoliidae,1,1,1,0,solitary,cuneiform,small,az,,NA,NA,NA,NA
Allocoenia,Actinastreidae,0,1,1,2,colonial,massive,,z,,NA,NA,NA,NA
Allocoeniopsis,Actinastreidae,0,1,1,2,colonial,massive,,z,,NA,NA,NA,NA
Alloiteausmilia,Zardinophyllidae,0,1,1,0,solitary,turbinate,large,z,,NA,NA,NA,NA
Alpinophyllia,Alpinophylliidae,0,1,1,3,colonial,massive,,z,,NA,NA,NA,NA
Alpinoseris,Alpinophylliidae,0,1,1,3,colonial,lamellar,,z,,NA,NA,NA,NA
Alveolocyathus,Turbinoliidae,0,1,1,0,solitary,trochoid,small,az,,NA,NA,NA,NA
Alveopora,Poritidae,1,1,1,2,colonial,massive,,z,,Z,"{Perrin, 2012 #14453}",Uniformitarian,1
Ampakabastraea,Andemantastraeidae,0,1,1,3,colonial,massive,,z,,Z,"{Stanley, 1995 #600}",isotope data from skeleton,3
Amphiastrea,Amphiastreidae,0,1,1,2,colonial,massive,,z,,NA,NA,NA,NA
Amphiaulastrea,Amphiastreidae,0,1,1,2,colonial,columnar,,z,,NA,NA,NA,NA
Amphiphora,Cyathophoridae,0,1,1,2,colonial,massive,,z,,NA,NA,NA,NA
Anacropora,Acroporidae,1,1,1,2,colonial,ramose,,z,,NA,NA,NA,NA
Andemantastraea,Andemantastraeidae,0,1,1,3,colonial,massive,,z,,NA,NA,NA,NA
Andrazella,Procyclolitidae,0,1,1,4,colonial,lamellar,,z,,NA,NA,NA,NA
Anisocoenia,Faviidae,0,1,1,2,colonial,massive,,z,,Z,"{Perrin, 2012 #14453}",Uniformitarian,1
Anisoria,Meandrinidae,0,1,1,4,colonial,massive,,z,,NA,NA,NA,NA
Annoticyathus,Caryophylliidae,0,1,1,0,solitary,trochoid,,az,,NA,NA,NA,NA
Anomocora,Caryophylliidae,1,1,1,1,colonial,dendroid,,az,,AZ,"{Perrin, 2012 #14453}",Uniformitarian,1
Anomopora,,0,1,1,2,colonial,ramose,,z,,Z,"{Perrin, 2012 #14453}",Uniformitarian,1
Anthemiphyllia,Anthemiphylliidae,1,1,1,0,solitary,patellate,small,az,,NA,NA,NA,NA
Anthostylis,Stylophyllidae,0,1,1,2,colonial,massive,,z,,NA,NA,NA,NA
Antiguastrea,Faviidae,0,1,1,2,colonial,massive,,z,,Z,"{Perrin, 2012 #14453}",Uniformitarian,1
Antillia,Mussidae,0,1,1,0,solitary,turbinate,large,z,,Z,"{Perrin, 2012 #14453}",Uniformitarian,1
Antillocyathus,Caryophylliidae,0,1,1,0,solitary,turbinate,small,az,,NA,NA,NA,NA
Antillophyllia,Faviidae,0,1,1,0,solitary,cylindrical,medium,z,,Z,"{Perrin, 2012 #14453}",Uniformitarian,1
Antilloseris,Calamophylliidae,0,1,1,0,solitary,turbinate,medium,z,az,NA,NA,NA,NA
Aplocyathus,Caryophylliidae,1,1,1,0,solitary,discoid,small,az,,AZ,"{Perrin, 2012 #14453}",Uniformitarian,1
Aplophyllia,Stylinidae,0,1,1,1,colonial,phaceloid,,z,az,NA,NA,NA,NA
Aplopsammia,Dendrophylliidae,0,1,1,0,solitary,ceratoid,small,az,,NA,NA,NA,NA
Aplosmilia,Rhipidogyridae,0,1,1,1,colonial,phaceloid,,z,az,NA,NA,NA,NA
Apocladophyllia,Cladophylliidae,0,1,1,1,colonial,phaceloid,,z,az,NA,NA,NA,NA
Apoplacophyllia,Aulastraeoporidae,0,1,1,1,colonial,phaceloid,,az,z,NA,NA,NA,NA
Aquitanastraea,Faviidae,0,1,1,2,colonial,massive,,z,,Z,"{Perrin, 2012 #14453}",Uniformitarian,1
Aquitanophyllia,Mussidae,0,1,1,1,colonial,phaceloid,,z,az,Z,"{Perrin, 2012 #14453}",Uniformitarian,1
Araiophyllum,Microsolenidae,0,1,1,1,colonial,phaceloid,,az,z,NA,NA,NA,NA
Araucanastrea,Actinastreidae,0,1,1,2,colonial,massive,,z,,NA,NA,NA,NA
Archaeosmilia,Zardinophyllidae,0,1,1,0,solitary,turbinate,medium,az,z,NA,NA,NA,NA
Archaeosmiliopsis,Zardinophyllidae,0,1,1,1,colonial,phaceloid,,az,z,NA,NA,NA,NA
Arctangia,Rhizangiidae,0,1,1,0,solitary,turbinate,small,az,,NA,NA,NA,NA
Areaseris,Pamiroseriidae,0,1,1,3,colonial,lamellar,,z,,NA,NA,NA,NA
Areopsammia,Dendrophylliidae,0,1,1,0,solitary,turbinate,medium,az,,NA,NA,NA,NA
Aspidastraea,Cyclolitidae,0,1,1,3,colonial,cupolate,,z,,NA,NA,NA,NA
Aspidiscus,Cyclolitidae,0,1,1,2,colonial,cupolate,,z,,NA,NA,NA,NA
Asterosmilia,Caryophylliidae,0,1,1,0,solitary,trochoid,small,az,,AZ,"{Perrin, 2012 #14453}",Uniformitarian,1
Astraeofungia,Latomeandridae,0,1,1,3,colonial,massive,,z,,NA,NA,NA,NA
Astraeomorpha,Astraeomorphidae,0,1,1,3,colonial,massive,,z,,Z,"{Martindale, 2012 #13474}",Corallum shape with depth,1
Astrangia,Rhizangiidae,1,1,1,1,colonial,dendroid,,ap,,AP,"{Perrin, 2012 #14453}",Uniformitarian,1
Astraraea,Astraraeidae,0,1,1,3,colonial,massive,,z,,NA,NA,NA,NA
Astreopora,Acroporidae,1,1,1,2,colonial,massive,,z,,Z,"{Perrin, 2012 #14453}",Uniformitarian,1
Astrhelia,Oculinidae,0,1,1,2,colonial,ramose,,az,,AZ,"{Perrin, 2012 #14453}",Uniformitarian,1
Astrocoenia,Astrocoeniidae,0,1,1,2,colonial,massive,,z,,Z,"{Perrin, 2012 #14453}",Uniformitarian,1
Astrogyra,Placocoeniidae,0,1,1,4,colonial,massive,,z,,NA,NA,NA,NA
Astroides,Dendrophylliidae,1,1,1,2,colonial,massive,,az,,NA,NA,NA,NA
Atelophyllia,Incertae sedis,0,1,1,1,colonial,phaceloid,,z,az,NA,NA,NA,NA
Athecastraea,Faviidae,0,1,1,2,colonial,massive,,z,,Z,"{Perrin, 2012 #14453}",Uniformitarian,1
Atopocoenia,Astrocoeniidae,0,1,1,2,colonial,massive,,z,,NA,NA,NA,NA
Aulastraea,Amphiastreidae,0,1,1,1,colonial,phaceloid,,z,,NA,NA,NA,NA
Aulastraeopora,Aulastraeoporidae,0,1,1,0,solitary,cylindrical,large,z,,NA,NA,NA,NA
Aulocyathus,Caryophylliidae,1,1,1,0,solitary,ceratoid,small,az,,NA,NA,NA,NA
Aulophyllia,Smilotrochidae,0,1,1,0,solitary,subcylindrical,medium,az,z,NA,NA,NA,NA
Aulosmilia,Meandrinidae,0,1,1,0,solitary,trochoid,small,az,,NA,NA,NA,NA
Australomussa,Lobophylliidae,1,1,1,2,colonial,lamellar,,z,,NA,NA,NA,NA
Australoseris,Stylinidae,0,1,1,2,colonial,massive,,z,,NA,NA,NA,NA
Axoseris,Fungiidae,0,1,1,3,colonial,encrusting,,z,,NA,NA,NA,NA
Axosmilia,Axosmiliidae,0,1,1,0,solitary,turbinate,small,az,,NA,NA,NA,NA
Axosmiliopsis,Axosmiliidae,0,1,1,0,solitary,trochoid,small,az,,NA,NA,NA,NA
Axotrochus,Coryphylliidae,0,1,1,0,solitary,conical,medium,az,z,NA,NA,NA,NA
Bacarella,Acroporidae,0,1,1,2,colonial,reptoid,,z,,NA,NA,NA,NA
Balanophyllia,Dendrophylliidae,1,1,1,0,solitary,conical,small,ap,,AP,"{Perrin, 2012 #14453}",Uniformitarian,1
Bantamia,Oculinidae,0,1,1,1,colonial,ramose,,az,,NA,NA,NA,NA
Barabattoia,Faviidae,1,1,1,2,colonial,massive,,z,,NA,NA,NA,NA
Baryphyllia,Calamophylliidae,0,1,1,2,colonial,massive,,z,,NA,NA,NA,NA
Barysmilia,Rhipidogyridae,0,1,1,2,colonial,massive,,z,,NA,NA,NA,NA
Bathangia,Rhizangiidae,0,1,1,1,colonial,dendroid,,az,,NA,NA,NA,NA
Bathmosmilia,Amphiastreidae,0,1,1,0,solitary,cylindrical,large,z,az,NA,NA,NA,NA
Bathycoenia,Cyathophoridae,0,1,1,2,colonial,massive,,z,,NA,NA,NA,NA
Bathycyathus,Caryophylliidae,1,1,1,0,solitary,turbinate,small,az,,AZ,"{Perrin, 2012 #14453}",Uniformitarian,1
Bathypsammia,Dendrophylliidae,1,1,1,0,solitary,trochoid,small,az,,NA,NA,NA,NA
Bavarosmilia,Margarophylliidae,0,1,1,1,colonial,phaceloid,,z,az,NA,NA,NA,NA
Beneckastraea,Pamiroseriidae,0,1,1,2,colonial,massive,,z,,NA,NA,NA,NA
Bilaterocoenia,Stylinidae,0,1,1,2,colonial,massive,,z,,NA,NA,NA,NA
Blastomussa,Mussidae,1,1,1,2,colonial,massive,,z,,NA,NA,NA,NA
Blastozopsammia,Dendrophylliidae,0,1,1,2,colonial,ramose,,z,,NA,NA,NA,NA
Bodeurina,Rhipidogyridae,0,1,1,2,colonial,massive,,z,,NA,NA,NA,NA
Bothrophoria,Turbinoliidae,0,1,1,0,solitary,trochoid,small,az,,NA,NA,NA,NA
Bourneotrochus,Caryophylliidae,1,1,1,0,solitary,discoid,small,az,,NA,NA,NA,NA
Brachiatusmilia,Parasmiliidae,0,1,1,1,colonial,dendroid,,az,,NA,NA,NA,NA
Brachthelia,Agatheliidae,0,1,1,2,colonial,massive,,z,,NA,NA,NA,NA
Brachymeandra,Haplaraeidae,0,1,1,3,colonial,massive,,z,,NA,NA,NA,NA
Brachyphyllia,Agariciidae,0,1,1,2,colonial,massive,,z,,NA,NA,NA,NA
Brachyseris,Latomeandridae,0,1,1,3,colonial,massive,,z,,NA,NA,NA,NA
Brevimaeandra,Montlivaltiidae,0,1,1,4,colonial,massive,,z,,NA,NA,NA,NA
Budaia,Amphiastreidae,0,1,1,0,solitary,ceratoid,small,az,,NA,NA,NA,NA
Budiopsis,Amphiastreidae,0,1,1,NA,,,,,,NA,NA,NA,NA
Bussonastrea,Amphiastreidae,0,1,1,2,colonial,massive,,z,,NA,NA,NA,NA
Cahuzacopsammia,Dendrophylliidae,0,1,1,4,colonial,massive,,z,,NA,NA,NA,NA
Calamophyllia,Calamophylliidae,0,1,1,1,colonial,phaceloid,,z,az,NA,NA,NA,NA
Calamophylliopsis,Dermosmiliidae,0,1,1,1,colonial,phaceloid,,z,az,Z,"{Tom†s, 2008 #11508}",Corallum shape with depth,2
Calamoseris,Calamophylliidae,0,1,1,1,colonial,phaceloid,,z,az,NA,NA,NA,NA
Calostylopsis,Dendrophylliidae,0,1,1,0,solitary,ceratoid,small,az,,NA,NA,NA,NA
Campesteria,Pamiroseriidae,0,1,1,3,colonial,lamellar,,z,,NA,NA,NA,NA
Camptodocis,Haplaraeidae,0,1,1,3,colonial,,,z,,NA,NA,NA,NA
Canleria,Heterocoeniidae,0,1,1,2,colonial,lamellar,,z,,NA,NA,NA,NA
Cardiastraea,Reimaniphylliidae,0,1,1,2,colonial,discoid,small,az,,NA,NA,NA,NA
Carolastraea,Carolastraeidae,0,1,1,1,colonial,phaceloid,,z,az,NA,NA,NA,NA
Carpathiphyllia,Protoheterastraeidae,0,1,1,0,solitary,turbinate,small,az,,NA,NA,NA,NA
Caryophyllia,Caryophylliidae,1,1,1,0,solitary,turbinate,small,az,,AZ,"{Perrin, 2012 #14453}",Uniformitarian,1
Caryosmilia,Caryophylliidae,0,1,1,0,solitary,trochoid,small,az,,NA,NA,NA,NA
Castiglionastrea,Heterocoeniidae,0,1,1,2,colonial,massive,,z,,Z,"{Gill, 2004 #10191}",pennular septa,3
Catalaphyllia,Euphyllidae,1,1,1,4,colonial,flabellate,,z,,NA,NA,NA,NA
Caulastrea,Faviidae,1,1,1,1,colonial,phaceloid,,z,,Z,"{Perrin, 2012 #14453}",Uniformitarian,1
Ceratocoenia,Amphiastreidae,0,1,1,0,solitary,cylindrical,medium,az,z,NA,NA,NA,NA
Ceratophyllia,Faviidae,0,1,1,0,solitary,ceratoid,small,az,,NA,NA,NA,NA
Ceratothecia,Montlivaltiidae,0,1,1,1,colonial,dendroid,,az,z,NA,NA,NA,NA
Ceratotrochus,Caryophylliidae,1,1,1,0,solitary,trochoid,medium,az,,AZ,"{Perrin, 2012 #14453}",Uniformitarian,1
Cerioheterastraea,Stylophyllidae,0,1,1,2,colonial,massive,,z,,NA,NA,NA,NA
Ceriostella,Margarophylliidae,0,1,1,2,colonial,massive,,z,,Z,"{Stanley, 2010 #12979}",Growth bands,2
Cheilosmilia,Amphiastreidae,0,1,1,0,solitary,cylindrical,medium,az,z,NA,NA,NA,NA
Chevalieria,Tropidastraeidae,0,1,1,3,colonial,,,z,,NA,NA,NA,NA
Chevalierismilia,Parasmiliidae,0,1,1,0,solitary,trochoid,,az,,NA,NA,NA,NA
Chomatoseris,Microsolenidae,0,1,1,0,solitary,cupolate,small,az,,NA,NA,NA,NA
Chondrocoenia,Actinastreidae,0,1,1,2,colonial,massive,,z,,NA,NA,NA,NA
Circophyllia,Mussidae,0,1,1,0,solitary,trochoid,medium,az,z,NA,NA,NA,NA
Cladangia,Rhizangiidae,1,1,1,2,colonial,ramose,,az,,AZ,"{Perrin, 2012 #14453}",Uniformitarian,1
Cladocora,Faviidae,1,1,1,1,colonial,phaceloid,,ap,,AP,"{Perrin, 2012 #14453}",Uniformitarian,1
Cladophyllia,Cladophylliidae,0,1,1,1,colonial,phaceloid,,z,az,NA,NA,NA,NA
Cladophylliopsis,Dermosmiliidae,0,1,1,1,colonial,phaceloid,,z,az,NA,NA,NA,NA
Clausastrea,Montlivaltiidae,0,1,1,3,colonial,massive,,z,,NA,NA,NA,NA
Clonosmilia,Caryophylliidae,0,1,1,1,colonial,dendroid,,az,,Z,"{Perrin, 2012 #14453}",Uniformitarian,1
Coccophyllum,Stylophyllidae,0,1,1,2,colonial,massive,,z,,NA,NA,NA,NA
Codonosmilia,Rhipidogyridae,0,1,1,1,colonial,dendroid,,az,,NA,NA,NA,NA
Coeloseris,Agariciidae,1,1,1,2,colonial,massive,,z,,NA,NA,NA,NA
Coelosmilia,Caryophylliidae,0,1,1,0,solitary,trochoid,medium,az,,NA,NA,NA,NA
Coenangia,Rhizangiidae,1,1,1,2,colonial,lamellar,,az,,NA,NA,NA,NA
Coenastraea,Actinastreidae,0,1,1,2,colonial,ramose,,z,,NA,NA,NA,NA
Coenocyathus,Caryophylliidae,1,1,1,1,colonial,dendroid,,az,,AZ,"{Perrin, 2012 #14453}",Uniformitarian,1
Coenotheca,Montlivaltiidae,0,1,1,3,colonial,massive,,z,,NA,NA,NA,NA
Collignonastraea,Latomeandridae,0,1,1,4,colonial,massive,,z,,NA,NA,NA,NA
Colpophyllia,Faviidae,1,1,1,4,colonial,massive,,z,,Z,"{Perrin, 2012 #14453}",Uniformitarian,1
Columactinastraea,Actinastreidae,0,1,1,2,colonial,massive,,z,,NA,NA,NA,NA
Columastrea,Columastreidae,0,1,1,2,colonial,massive,,z,,NA,NA,NA,NA
Columellogyra,Faviidae,0,1,1,2,colonial,massive,,z,,NA,NA,NA,NA
Columellophora,Cyathopohoridae,0,1,1,2,colonial,massive,,z,,NA,NA,NA,NA
Columnaphyllia,Amphiastreidae,0,1,1,1,colonial,phaceloid,,z,az,NA,NA,NA,NA
Columnocoenia,Placocoeniidae,0,1,1,2,colonial,massive,,z,,Z,"{Rosen, 2000 #6594}",Corallum shape with depth,1
Comophyllia,Latomeandridae,0,1,1,3,colonial,massive,,z,,NA,NA,NA,NA
Comoseris,Microsolenidae,0,1,1,4,colonial,massive,,z,,NA,NA,NA,NA
Complexastraeopsis,Montlivaltiidae,0,1,1,2,colonial,massive,,z,,NA,NA,NA,NA
Complexastrea,Montlivaltiidae,0,1,1,2,colonial,massive,,z,,Z,"{Lathuiliäre, 2000 #5075}",Corallum shape with depth,1
Confusaforma,Heterocoeniidae,0,1,1,2,colonial,massive,,z,,NA,NA,NA,NA
Confusastraraea,Haplaraeidae,0,1,1,2,colonial,massive,,z,,Z,"{Perrin, 2012 #14453}",Uniformitarian,1
Confusastrea,Haplaraeidae,0,1,1,2,colonial,massive,,z,,NA,NA,NA,NA
Conicosmilotrochus,Parasmilidae,0,1,1,0,solitary,ceratoid,small,az,,NA,NA,NA,NA
Connectastrea,Amphiastreidae,0,1,1,2,colonial,massive,,z,,NA,NA,NA,NA
Conocyathus,Turbinoliidae,1,1,1,0,solitary,trochoid,small,az,,AZ,"{Perrin, 2012 #14453}",Uniformitarian,1
Conophyllia,Procyclolitidae,0,1,1,0,solitary,cylindrical,small,az,,NA,NA,NA,NA
Conosmilia,Flabellidae,0,1,1,0,solitary,trochoid,small,az,,NA,NA,NA,NA
Conotrochus,Caryophylliidae,1,1,1,0,solitary,trochoid,small,az,,NA,NA,NA,NA
Convexastrea,Stylinidae,0,1,1,2,colonial,massive,,z,,NA,NA,NA,NA
Corbariastraea,Thamnasteriidae,0,1,1,3,colonial,massive,,z,,NA,NA,NA,NA
Coryphyllia,Coryphylliidae,0,1,1,0,solitary,cylindrical,large,z,,Z,"{Stanley, 1995 #600}",isotope data from skeleton,1
Coryphyllina,Reimaniphylliidae,0,1,1,0,solitary,cylindrical,medium,az,z,NA,NA,NA,NA
Coscinaraea,Siderastreidae,1,1,1,3,colonial,massive,,z,,NA,NA,NA,NA
Craspedophyllia,Alpinophylliidae,0,1,1,1,colonial,phaceloid,,az,z,NA,NA,NA,NA
Craspedosmilia,Conophylliidae,0,1,1,1,colonial,phaceloid,,z,az,NA,NA,NA,NA
Crassistella,Pamiroseriidae,0,1,1,2,colonial,massive,,z,,Z,"{Martindale, 2012 #13474}",Corallum shape with depth,1
Craterastraea,Agariciidae,0,1,1,2,colonial,massive,,z,,NA,NA,NA,NA
Crateroseris,Synastreidae,0,1,1,3,colonial,massive,,z,,NA,NA,NA,NA
Crispatotrochus,Caryophylliidae,1,1,1,0,solitary,ceratoid,small,az,,NA,NA,NA,NA
Cryptangia,Rhizangiidae,0,1,1,1,colonial,dendroid,,az,,AZ,"{Perrin, 2012 #14453}",Uniformitarian,1
Cryptocoenia,Cyathophoridae,0,1,1,2,colonial,massive,,z,,Z,"{Tom†s, 2008 #11508}",Corallum shape with depth,1
Ctenactis,Fungiidae,1,1,1,0,solitary,discoid,large,z,,NA,NA,NA,NA
Ctenella,Meandrinidae,1,1,1,4,colonial,massive,,z,,NA,NA,NA,NA
Cuifastraea,Cuifastraeidae,0,1,1,3,colonial,massive,,z,,NA,NA,NA,NA
Cuifia,Coryphylliidae,0,1,1,0,solitary,cylindrical,large,z,,NA,NA,NA,NA
Culicia,Rhizangiidae,1,1,1,2,colonial,reptoid,,az,,AZ,"{Perrin, 2012 #14453}",Uniformitarian,1
Cunnolites,Cunnolitidae,0,1,1,0,solitary,cupolate,large,z,,NA,NA,NA,NA
Curtoseris,Curtoseriidae,0,1,1,4,colonial,massive,,z,,Z,"{Martindale, 2012 #13474}",Corallum shape with depth,1
Cyathelia,Oculinidae,1,1,1,1,colonial,dendroid,,az,,NA,NA,NA,NA
Cyathoceras,Caryophylliidae,1,1,1,0,solitary,turbinate,small,az,,AZ,"{Perrin, 2012 #14453}",Uniformitarian,1
Cyathocoenia,Pinacophyllidae,0,1,1,2,colonial,massive,,z,,Z,"{Stanley, 1995 #600}",isotope data from skeleton,3
Cyathophora,Cyathophoridae,0,1,1,2,colonial,massive,,z,,NA,NA,NA,NA
Cyathophyllia,Montlivaltiidae,0,1,1,0,solitary,turbinate,unknown,az,,NA,NA,NA,NA
Cyathophylliopsis,Montlivaltiidae,0,1,1,0,solitary,discoid,small,az,,NA,NA,NA,NA
Cyathoseris,Agariciidae,0,1,1,3,colonial,massive,,z,,Z,"{Perrin, 2012 #14453}",Uniformitarian,1
Cyathosmilia,Guyniidae,0,1,1,0,solitary,ceratoid,small,az,,NA,NA,NA,NA
Cyathotrochus,Turbinoliidae,1,1,1,0,solitary,cuneiform,small,az,,NA,NA,NA,NA
Cycliphyllia,Cyclophylliidae,0,1,1,1,colonial,phaceloid,,z,az,NA,NA,NA,NA
Cyclolitopsis,Cyclolitidae,0,1,1,0,solitary,patellate,small,az,,NA,NA,NA,NA
Cyclomussa,Mussidae,0,1,1,0,solitary,cupolate,medium,az,z,Z,"{Perrin, 2012 #14453}",Uniformitarian,1
Cyclophyllopsis,Cyclophyllopsiidae,0,1,1,0,solitary,turbinate,small,az,,NA,NA,NA,NA
Cycloseris,Fungiidae,1,1,1,0,solitary,discoid,large,ap,,NA,NA,NA,NA
Cylismilia,Donacosmiliidae,0,1,1,0,solitary,subcylindrical,large,z,,NA,NA,NA,NA
Cymosmilia,Rhipidogyridae,0,1,1,1,colonial,phaceloid,,z,az,NA,NA,NA,NA
Cynarina,Lobophylliidae,1,1,1,0,solitary,cylindrical,large,z,,NA,NA,NA,NA
Cyphastrea,Faviidae,1,1,1,2,colonial,ramose,,z,,Z,"{Perrin, 2012 #14453}",Uniformitarian,1
Dactylaraea,Microsolenidae,0,1,1,1,colonial,phaceloid,,z,,NA,NA,NA,NA
Dasmia,Caryophylliidae,0,1,1,0,solitary,turbinate,small,az,,NA,NA,NA,NA
Dasmiopsis,Caryophylliidae,0,1,1,0,solitary,trochoid,,az,,NA,NA,NA,NA
Dasmosmilia,Caryophylliidae,1,1,1,0,solitary,trochoid,small,az,,NA,NA,NA,NA
Defrancia,Faviidae,0,1,1,2,colonial,massive,,z,,Z,"{Perrin, 2012 #14453}",Uniformitarian,1
Deltocyathus,Caryophylliidae,1,1,1,0,solitary,discoid,small,az,,AZ,"{Perrin, 2012 #14453}",Uniformitarian,1
Dendracis,Acroporidae,0,1,1,1,colonial,ramose,,z,,Z,"{Perrin, 2012 #14453}",Uniformitarian,1
Dendraraea,Microsolenidae,0,1,1,3,colonial,ramose,,z,,NA,NA,NA,NA
Dendrastrea,Thamnasteriidae,0,1,1,3,colonial,massive,,z,,NA,NA,NA,NA
Dendrogyra,Meandrinidae,1,1,1,4,colonial,massive,,z,,Z,"{Perrin, 2012 #14453}",Uniformitarian,1
Dendrophyllia,Dendrophylliidae,1,1,1,1,colonial,dendroid,,az,,AZ,"{Perrin, 2012 #14453}",Uniformitarian,1
Dendrosmilia,Caryophylliidae,0,1,1,1,colonial,dendroid,,az,,AZ,"{Perrin, 2012 #14453}",Uniformitarian,1
Dermoseris,Microsolenidae,0,1,1,1,colonial,phaceloid,,z,az,NA,NA,NA,NA
Dermosmilia,Dermosmiliidae,0,1,1,1,colonial,dendroid,,az,z,NA,NA,NA,NA
Dermosmiliopsis,Brachyphylliidae,0,1,1,1,colonial,phaceloid,,z,az,NA,NA,NA,NA
Desmocladia,Faviidae,0,1,1,4,colonial,massive,,z,,NA,NA,NA,NA
Desmophyllum,Caryophylliidae,1,1,1,0,solitary,trochoid,small,az,,AZ,"{Perrin, 2012 #14453}",Uniformitarian,1
Dichocoenia,Meandrinidae,1,1,1,3,colonial,massive,,z,,Z,"{Perrin, 2012 #14453}",Uniformitarian,1
Dichopsammia,Dendrophylliidae,1,1,1,1,colonial,dendroid,,az,,NA,NA,NA,NA
Dictuophyllia,Faviidae,0,1,1,4,colonial,massive,,z,,NA,NA,NA,NA
Dictyaraea,Poritidae,0,1,1,2,colonial,ramose,,z,,Z,"{Perrin, 2012 #14453}",Uniformitarian,1
Dictyoastraea,Faviidae,0,1,1,2,colonial,massive,,z,,NA,NA,NA,NA
Digitosmilia,Latomeandridae,0,1,1,3,colonial,massive,,z,,NA,NA,NA,NA
Dimorpharaea,Microsolenidae,0,1,1,3,colonial,massive,,z,,Z,"{Rosen, 2000 #6594}",Corallum shape with depth,1
Dimorphastraeopsis,Haplareidae,0,1,1,3,colonial,massive,,z,,NA,NA,NA,NA
Dimorphastrea,Latomeandridae,0,1,1,3,colonial,lamellar,,z,,Z,"{Rosen, 2000 #6594}",Corallum shape with depth,1
Dimorphocoenia,Montlivaltiidae,0,1,1,3,colonial,massive,,z,,NA,NA,NA,NA
Dimorphocoeniopsis,Montlivaltiidae,0,1,1,3,colonial,fungiform,,z,,NA,NA,NA,NA
Dimorphofungia,Thamnasteriidae,0,1,1,3,colonial,fungiform,,z,,NA,NA,NA,NA
Dimorphomeandra,Latomeandridae,0,1,1,3,colonial,massive,,z,,NA,NA,NA,NA
Dimorphoseris,Synastreidae,0,1,1,3,colonial,massive,,z,,NA,NA,NA,NA
Diplaraea,Haplaraeidae,0,1,1,1,colonial,phaceloid,,z,az,NA,NA,NA,NA
Diplhelia,Oculinidae,0,1,1,1,colonial,dendroid,,az,,AZ,"{Perrin, 2012 #14453}",Uniformitarian,1
Diploastrea,Faviidae,1,1,1,2,colonial,massive,,z,,Z,"{Perrin, 2012 #14453}",Uniformitarian,1
Diplocoenia,Acroporidae,0,1,1,2,colonial,massive,,z,,NA,NA,NA,NA
Diplocoeniella,Placophylliidae,0,1,1,2,colonial,massive,,z,,NA,NA,NA,NA
Diploctenium,Meandrinidae,0,1,1,3,colonial,flabellate,,z,,NA,NA,NA,NA
Diplogyra,Stylinidae,0,1,1,4,colonial,massive,,z,,Z,"{Tom†s, 2008 #11508}",Corallum shape with depth,1
Diploria,Faviidae,1,1,1,4,colonial,massive,,z,,Z,"{Perrin, 2012 #14453}",Uniformitarian,1
Diplothecangia,Siderastreidae,0,1,1,0,solitary,turbinate,,az,,?,"{Perrin, 2012 #14453}",Uniformitarian,1
Discocoenia,Amphiastreidae,0,1,1,0,solitary,patellate,small,az,,NA,NA,NA,NA
Discocoeniopsis,Stylophyllidae,0,1,1,0,solitary,discoid,small,az,,NA,NA,NA,NA
Discocyathus,Caryophylliidae,0,1,1,0,solitary,discoid,small,az,,NA,NA,NA,NA
Discoidocyathus,Caryophylliidae,0,1,1,0,solitary,turbinate,small,az,,NA,NA,NA,NA
Discotrochus,Fungiidae,0,1,1,0,solitary,discoid,small,az,,?,"{Perrin, 2012 #14453}",Uniformitarian,1
Distichoflabellum,Reimaniphylliidae,0,1,1,3,colonial,massive,,z,,NA,NA,NA,NA
Distichomeandra,Margarophylliidae,0,1,1,3,colonial,lamellar,,z,,NA,NA,NA,NA
Distichomorpha,Reimaniphylliidae ,0,1,1,0,solitary,cylindrical,large,z,,NA,NA,NA,NA
Distichophyllia,Reimaniphylliidae,0,1,1,0,solitary,cylindrical,large,z,,Z,"{Stanley, 1995 #600}",isotope data from skeleton,1
Distichopsis,Reimaniphylliidae,0,1,1,0,solitary,cylindrical,large,z,,NA,NA,NA,NA
Donacosmilia,Donacosmiliidae,0,1,1,1,colonial,phaceloid,,z,az,NA,NA,NA,NA
Duncanopsammia,Dendrophylliidae,1,1,1,1,colonial,dendroid,,z,,NA,NA,NA,NA
Duncanosmilia,Ellipsosmiliidae,0,1,1,1,colonial,phaceloid,,az,,NA,NA,NA,NA
Ebrayia,Latomeandridae,0,1,1,2,colonial,massive,,z,,NA,NA,NA,NA
Echinomorpha,Pectiniidae,1,1,1,1,solitary,patellate,large,z,,NA,NA,NA,NA
Echinophyllia,Pectiniidae,1,1,1,3,colonial,lamellar,,z,,Z,"{Perrin, 2012 #14453}",Uniformitarian,1
Echinopora,Faviidae,1,1,1,2,colonial,lamellar,,z,,NA,NA,NA,NA
Eckastraea,Eckastraeidae,0,1,1,2,colonial,massive,,z,,Z,"{Morycowa, 2010 #12813}",Corallum shape with depth,1
Edwardsastraea,Faviidae,0,1,1,2,colonial,,,z,,NA,NA,NA,NA
Edwardsomeandra,,0,1,1,4,colonial,massive,,z,,NA,NA,NA,NA
Edwardsoseris,Latomeandridae,0,1,1,2,colonial,massive,,z,,NA,NA,NA,NA
Elasmocoenia,Stylinidae,0,1,1,2,colonial,massive,,z,,NA,NA,NA,NA
Elasmophora,Cyathophoridae,0,1,1,2,colonial,ramose,,z,,NA,NA,NA,NA
Elasmophyllia,Montlivaltiidae,0,1,1,1,colonial,phaceloid,,az,,NA,NA,NA,NA
Elephantaria,Actinacididae,0,1,1,2,colonial,massive,,z,,NA,NA,NA,NA
Ellipsasteria,Heliastraeidae,0,1,1,2,colonial,,,z,,NA,NA,NA,NA
Ellipsocoenia,Latomeandridae,0,1,1,2,colonial,massive,,z,,NA,NA,NA,NA
Ellipsoidastraea,Conophylliidae,0,1,1,0,solitary,cupolate,large,z,,NA,NA,NA,NA
Ellipsosmilia,Montlivaltiidae,0,1,1,0,solitary,trochoid,large,z,,NA,NA,NA,NA
Elysastraea,Montlivaltiidae,0,1,1,2,colonial,lamellar,,z,,Z,"{Zonneveld, 2007 #10632}",Corallum shape with depth,1
Enallhelia,Euheliidae,0,1,1,1,colonial,dendroid,,az,z,AZ,"{Gill, 2004 #10191}",Dendroid growth,3
Enallocoenia,Actinastreidae,0,1,1,2,colonial,ramose,,z,,NA,NA,NA,NA
Enallopsammia,Dendrophylliidae,1,1,1,1,colonial,dendroid,,az,,AZ,"{Perrin, 2012 #14453}",Uniformitarian,1
Endopachys,Dendrophylliidae,1,1,1,0,solitary,patellate,small,az,,NA,NA,NA,NA
Eocomoseris,Microsolenidae,0,1,1,3,colonial,massive,,z,,NA,NA,NA,NA
Eohydnophora,Faviidae,0,1,1,2,colonial,massive,,z,,Z,"{Rosen, 2000 #6594}",Corallum shape with depth,1
Eothelia,Agatheliidae,0,1,1,2,colonial,massive,,z,,NA,NA,NA,NA
Epismilia,Zardinophyllidae,0,1,1,0,solitary,trochoid,large,z,,NA,NA,NA,NA
Epismiliopsis,Zardinophyllidae,0,1,1,0,solitary,trochoid,medium,az,z,NA,NA,NA,NA
Epistreptophyllum,Dermosmiliidae,0,1,1,0,solitary,subcylindrical,large,z,,NA,NA,NA,NA
Epistreptum,Dermosmiliidae,0,1,1,0,solitary,cylindrical,large,z,,NA,NA,NA,NA
Etallonasteria,Acroporidae,0,1,1,2,colonial,massive,,z,,NA,NA,NA,NA
Etalloniopsis,Acroporidae,0,1,1,3,colonial,massive,,z,,NA,NA,NA,NA
Eugyra,Faviidae,0,1,1,4,colonial,massive,,z,,Z,"{Rosen, 2000 #6594}",Corallum shape with depth,1
Euphyllia,Euphyllidae,1,1,1,1,colonial,massive,,z,,Z,"{Perrin, 2012 #14453}",Uniformitarian,1
Eupsammia,Eupsammidae,1,1,1,0,solitary,conical,small,az,,AP,"{Perrin, 2012 #14453}",Uniformitarian,1
Eusmilia,Caryophylliidae,1,1,1,1,colonial,phaceloid,,z,,Z,"{Perrin, 2012 #14453}",Uniformitarian,1
Ewaldocoenia,Stylinidae,0,1,1,2,colonial,massive,,z,,NA,NA,NA,NA
Faksephyllia,Caryophylliidae,0,1,1,1,colonial,dendroid,,az,,AZ,"{Bernecker, 2005 #8995}",Occurrence below photic zone,3
Favia,Faviidae,1,1,1,2,colonial,massive,,z,,Z,"{Perrin, 2012 #14453}",Uniformitarian,1
Favites,Faviidae,1,1,1,2,colonial,massive,,z,,Z,"{Perrin, 2012 #14453}",Uniformitarian,1
Felixigyra,Faviidae,0,1,1,3,colonial,massive,,z,,Z,"{Tom†s, 2008 #11508}",Corallum shape with depth,1
Filkornia,Felixaraeidae,0,1,1,2,colonial,massive,,z,,NA,NA,NA,NA
Flabellosmilia,Meandrinidae,0,1,1,3,solitary,turbinate,,az,,NA,NA,NA,NA
Flabellum,Flabellidae,1,1,1,0,solitary,flabellate,small,az,,AZ,"{Perrin, 2012 #14453}",Uniformitarian,1
Flexastrea,Coryphylliidae,0,1,1,4,colonial,lamellar,,z,,NA,NA,NA,NA
Floriastrea,Euheliidae,0,1,1,2,colonial,massive,,z,,NA,NA,NA,NA
Foveolocyathus,Turbinoliidae,1,1,1,0,solitary,ceratoid,small,az,,NA,NA,NA,NA
Fungia,Fungiidae,1,1,1,0,solitary,discoid,large,z,,NA,NA,NA,NA
Fungiacyathus,Fungiacyathidae,1,1,1,0,solitary,cupolate,small,az,,NA,NA,NA,NA
Fungiastraea,Latomeandridae,0,1,1,3,colonial,massive,,z,,Z,"{Rosen, 2000 #6594}",Corallum shape with depth,1
Funginella,Funginellidae,0,1,1,0,solitary,trochoid,small,az,,NA,NA,NA,NA
Funginellastraea,Fungiidae,0,1,1,0,solitary,discoid,medium,az,z,NA,NA,NA,NA
Fungophyllia,Pectiniidae,0,1,1,0,solitary,discoid,medium,z,az,NA,NA,NA,NA
Furcophyllia,,0,1,1,0,solitary,ceratoid,medium,az,z,NA,NA,NA,NA
Gablonzeria,Gablonzeriidae,0,1,1,2,colonial,massive,,z,,NA,NA,NA,NA
Galaxea,Euphylliidae,1,1,1,1,colonial,phaceloid,,z,,Z,"{Perrin, 2012 #14453}",Uniformitarian,1
Garateastrea,Guembelastraeidae,0,1,1,2,colonial,massive,,z,,NA,NA,NA,NA
Gardineria,Flabellidae,1,1,1,0,solitary,turbinate,small,az,,NA,NA,NA,NA
Gardineroseris,Agariciidae,1,1,1,4,colonial,massive,,z,,NA,NA,NA,NA
Genabacia,Microsolenidae,0,1,1,1,colonial,cupolate,,ap,,NA,NA,NA,NA
Gigantostylis,Procyclolitidae,0,1,1,0,solitary,trochoid,small,az,,NA,NA,NA,NA
Gillastraea,Cuifastraeidae,0,1,1,1,colonial,phaceloid,,z,,NA,NA,NA,NA
Glenarea,Meandrinidae,0,1,1,2,colonial,massive,,z,,NA,NA,NA,NA
Goldfussastrea,Montlivaltiidae,0,1,1,3,colonial,massive,,z,,NA,NA,NA,NA
Goniastrea,Faviidae,1,1,1,2,colonial,massive,,z,,Z,"{Perrin, 2012 #14453}",Uniformitarian,1
Goniocora,Stylinidae,0,1,1,1,colonial,phaceloid,,z,az,NA,NA,NA,NA
Goniocorella,Caryophylliidae,1,1,1,1,colonial,dendroid,,az,,NA,NA,NA,NA
Goniopora,Poritidae,1,1,1,2,colonial,massive,,z,,Z,"{Perrin, 2012 #14453}",Uniformitarian,1
Grandifavia,Faviidae,0,1,1,3,colonial,massive,,z,,NA,NA,NA,NA
Gregorycoenia,Funginellidae,0,1,1,2,colonial,massive,,z,,NA,NA,NA,NA
Guembelastraea,Guembelastraeidae,0,1,1,2,colonial,massive,,z,,Z,"{Stanley, 1995 #600}",isotope data from skeleton,3
Guynia,Guyniidae,1,1,1,0,solitary,ceratoid,small,az,,NA,NA,NA,NA
Gyrodendron,Calamophylliidae,0,1,1,2,colonial,fasciculate,,z,,NA,NA,NA,NA
Gyrosmilia,Meandrinidae,1,1,1,3,colonial,massive,,z,,Z,"{Perrin, 2012 #14453}",Uniformitarian,1
Hadrophyllia,Faviidae,0,1,1,3,colonial,flabellate,,z,,NA,NA,NA,NA
Haimeicyclus,Stylophyllidae,0,1,1,0,solitary,discoid,medium,az,z,NA,NA,NA,NA
Haimesiastraea,Columastreidae,0,1,1,2,colonial,ramose,,z,,NA,NA,NA,NA
Haldonia,Faviidae,0,1,1,2,colonial,massive,,z,,NA,NA,NA,NA
Halomitra,Fungiidae,1,1,1,3,colonial,lamellar,,z,,NA,NA,NA,NA
Halysitastraea,Cladophylliidae,0,1,1,1,colonial,dendroid,,az,z,NA,NA,NA,NA
Haplaraea,Haplaraeidae,0,1,1,0,solitary,cylindrical,large,z,,NA,NA,NA,NA
Heliastrea,Heliastraeidae,0,1,1,2,colonial,massive,,z,,NA,NA,NA,NA
Heliocoenia,Stylinidae,0,1,1,2,colonial,massive,,z,,NA,NA,NA,NA
Heliofungia,Fungiidae,1,1,1,0,solitary,cupolate,large,z,,NA,NA,NA,NA
Herpolitha,Fungiidae,1,1,1,3,colonial,lamellar,,z,,NA,NA,NA,NA
Heterastraea,Stylophyllidae,0,1,1,2,colonial,massive,,z,,NA,NA,NA,NA
Heterocoenia,Heterocoeniidae,0,1,1,2,colonial,lamellar,,z,,NA,NA,NA,NA
Heterocyathus,Caryophylliidae,1,1,1,0,solitary,ceratoid,medium,ap,,NA,NA,NA,NA
Heterogyra,Agariciidae,0,1,1,3,colonial,massive,,z,,Z,"{Perrin, 2012 #14453}",Uniformitarian,1
Heteropsammia,Dendrophylliidae,1,1,1,0,solitary,cylindrical,medium,ap,,NA,NA,NA,NA
Heterosmilia,Heterocoeniidae,0,1,1,1,colonial,phaceloid,,z,,NA,NA,NA,NA
Hexaflos,Rhipidogyridae,0,1,1,2,colonial,massive,,z,,NA,NA,NA,NA
Hexamphiastrea,Amphiastreidae,0,1,1,2,colonial,massive,,z,,NA,NA,NA,NA
Hexapetalum,Amphiastreidae,0,1,1,1,colonial,phaceloid,,z,az,NA,NA,NA,NA
Hexasmilia,Heterocoeniidae,0,1,1,2,colonial,massive,,z,,NA,NA,NA,NA
Hexasmiliopsis,Heterocoeniidae,0,1,1,0,solitary,trochoid,small,az,,NA,NA,NA,NA
Hindeastraea,Rhizangiidae,0,1,1,2,colonial,ramose,,z,,NA,NA,NA,NA
Hispaniastraea,Amphiastreidae,0,1,1,2,colonial,massive,,z,,NA,NA,NA,NA
Holcotrochus,Turbinoliidae,1,1,1,0,solitary,turbinate,small,az,,NA,NA,NA,NA
Holocoenia,Actinastreidae,0,1,1,2,colonial,massive,,z,,NA,NA,NA,NA
Holocystis,Cyathophoridae,0,1,1,2,colonial,massive,,z,,NA,NA,NA,NA
Houchangocyathus,,0,1,1,0,solitary,,small,az,,NA,NA,NA,NA
Hydnophora,Faviidae,1,1,1,2,colonial,massive,,z,,Z,"{Perrin, 2012 #14453}",Uniformitarian,1
Hydnophoromeandraraea,Microsolenidae,0,1,1,2,colonial,lamellar,,z,,Z,"{Rosen, 2000 #6594}",Corallum shape with depth,1
Hydnophyllon,Fungiidae,0,1,1,3,colonial,,,z,,NA,NA,NA,NA
Hydrasmilia,Procyclolitidae,0,1,1,1,colonial,phaceloid,,z,,NA,NA,NA,NA
Hykeliphyllum,Amphiastreidae,0,1,1,1,colonial,phaceloid,,z,az,NA,NA,NA,NA
Idiotrochus,Turbinoliidae,1,1,1,0,solitary,cuneiform,small,az,,NA,NA,NA,NA
Ilariosmilia,Smilotrochiidae,0,1,1,0,solitary,ceratoid,small,az,,?,"{Perrin, 2012 #14453}",Uniformitarian,1
Indophyllia,Mussidae,1,1,1,0,solitary,discoid,medium,z,,NA,NA,NA,NA
Indosmilia,Faviidae,0,1,1,0,solitary,trochoid,medium,z,az,NA,NA,NA,NA
Intersmilia,Intersmiliidae,0,1,1,1,colonial,phaceloid,,z,az,NA,NA,NA,NA
Isastrea,Montlivaltiidae,0,1,1,2,colonial,massive,,z,,Z,"{Lathuiliäre, 2000 #5075}",Corallum shape with depth,1
Isastrocoenia,Conophylliidae,0,1,1,2,colonial,massive,,z,,NA,NA,NA,NA
Isophyllia,Mussidae,1,1,1,3,colonial,massive,,z,,NA,NA,NA,NA
Isopora,Acroporidae,1,1,1,2,colonial,ramose,,z,,NA,NA,NA,NA
Ixogyra,Dendrogyridae,0,1,1,4,colonial,lamellar,,z,,NA,NA,NA,NA
Javania,Flabellidae,1,1,1,0,solitary,trochoid,small,az,,AZ,"{Perrin, 2012 #14453}",Uniformitarian,1
Karatchastraea,Cuifastraeidae,0,1,1,2,colonial,massive,,z,,NA,NA,NA,NA
Keriophyllia,Amphiastraeidae,0,1,1,2,colonial,massive,,z,,NA,NA,NA,NA
Khytrastrea,Coryphylliidae,0,1,1,0,solitary,patellate,,z,,NA,NA,NA,NA
Kobya,Synastraeidae,0,1,1,3,colonial,massive,,z,,Z,"{Gill, 2004 #10191}",pennular septa,3
Kobyastraea,Kobyastraeidae,0,1,1,3,colonial,massive,,z,,NA,NA,NA,NA
Kobyphyllia,Faviidae,0,1,1,0,solitary,cuneiform,medium,az,z,NA,NA,NA,NA
Koilocoenia,Astrocoeniidae,0,1,1,2,colonial,massive,,z,,NA,NA,NA,NA
Koilomorpha,Thamnasteriidae,0,1,1,3,colonial,massive,,z,,NA,NA,NA,NA
Kompsasteria,Cyclophylliidae,0,1,1,2,colonial,massive,,z,,NA,NA,NA,NA
Krainastraea,Andemantastraeidae,0,1,1,3,colonial,massive,,z,,NA,NA,NA,NA
Ksiazkiewiczia,Faviidae,0,1,1,2,colonial,massive,,z,,Z,"{Tom†s, 2008 #11508}",Corallum shape with depth,1
Kuhnastraea,Distichophylliidae,0,1,1,2,colonial,massive,,z,,NA,NA,NA,NA
Lamellofungia,Agariciidae,0,1,1,3,colonial,massive,,z,,NA,NA,NA,NA
Lamellomeandra,Placosmiliidae,0,1,1,2,colonial,massive,,z,,NA,NA,NA,NA
Lamellophyllia,Dendrophylliidae,0,1,1,0,solitary,ceratoid,small,az,,AZ,"{Perrin, 2012 #14453}",Uniformitarian,1
Larisolena,Microsolenidae,0,1,1,2,colonial,massive,,z,,NA,NA,NA,NA
Laterophyllia,Astraeomorphidae,0,1,1,2,colonial,massive,,z,,NA,NA,NA,NA
Latiastrea,Latomeandridae,0,1,1,2,colonial,massive,,z,,NA,NA,NA,NA
Latiphyllia,Montlivaltiidae,0,1,1,4,colonial,flabellate,,z,,NA,NA,NA,NA
Latomeandra,Latomeandridae,0,1,1,1,colonial,phaceloid,,z,az,NA,NA,NA,NA
Latusastrea,Heterocoeniidae,0,1,1,2,colonial,massive,,z,,NA,NA,NA,NA
Lepiconus,Stylophyllidae,0,1,1,0,solitary,cupolate,medium,az,z,NA,NA,NA,NA
Leptastrea,Faviidae,1,1,1,2,colonial,massive,,z,,Z,"{Perrin, 2012 #14453}",Uniformitarian,1
Leptocyathus,Caryophylliidae,0,1,1,0,solitary,trochoid,small,az,,NA,NA,NA,NA
Leptomussa,Mussidae,0,1,1,0,solitary,trochoid,large,z,,Z,"{Perrin, 2012 #14453}",Uniformitarian,1
Leptophyllaraea,Haplaraeidae,0,1,1,0,solitary,subcylindrical,large,z,,NA,NA,NA,NA
Leptophyllon,Fungiidae,0,1,1,1,colonial,phaceloid,,z,,NA,NA,NA,NA
Leptopsammia,Dendrophylliidae,1,1,1,0,solitary,ceratoid,small,az,,NA,NA,NA,NA
Leptoria,Faviidae,1,1,1,4,colonial,massive,,z,,Z,"{Perrin, 2012 #14453}",Uniformitarian,1
Leptoseris,Agariciidae,1,1,1,3,colonial,lamellar,,z,,Z,"{Perrin, 2012 #14453}",Uniformitarian,1
Letepsammia,Micrabaciidae,1,1,1,0,solitary,discoid,medium,az,,NA,NA,NA,NA
Liptodendron,Faviidae,0,1,1,1,colonial,dendroid,,az,z,NA,NA,NA,NA
Litharaeopsis,Microsolenidae,0,1,1,2,colonial,massive,,z,,NA,NA,NA,NA
Lithophyllia,Mussidae,1,1,1,0,solitary,turbinate,large,z,,NA,NA,NA,NA
Lithophyllon,Fungiidae,1,1,1,3,colonial,lamellar,,z,,NA,NA,NA,NA
Lobophyllia,Mussidae,1,1,1,2,colonial,phaceloid,,z,,Z,"{Perrin, 2012 #14453}",Uniformitarian,1
Lobopsammia,Dendrophylliidae,0,1,1,1,colonial,dendroid,,az,,NA,NA,NA,NA
Loboseris,Latomeandridae,0,1,1,4,colonial,massive,,z,,NA,NA,NA,NA
Lochmaeosmilia,Amphiastreidae,0,1,1,1,colonial,phaceloid,,z,az,NA,NA,NA,NA
Lophelia,Caryophylliidae,1,1,1,1,colonial,dendroid,,az,,NA,NA,NA,NA
Lophomeandra,Brachyphylliidae,0,1,1,4,colonial,massive,,z,,NA,NA,NA,NA
Lophosmilia,Caryophylliidae,0,1,1,0,solitary,turbinate,small,az,,NA,NA,NA,NA
Lyubasha,Misistellidae,0,1,1,3,colonial,massive,,z,,NA,NA,NA,NA
Macgeopsis,Ellipsosmiliidae,0,1,1,0,solitary,turbinate,medium,az,z,NA,NA,NA,NA
Madracis,Astrocoeniidae,1,1,1,2,colonial,ramose,,ap,,AP,"{Perrin, 2012 #14453}",Uniformitarian,1
Madrepora,Oculinidae,1,1,1,1,colonial,dendroid,,az,,AZ,"{Perrin, 2012 #14453}",Uniformitarian,1
Maeandrella,Agariciidae,0,1,1,4,colonial,foliaceous,,z,,NA,NA,NA,NA
Maeandrostylis,Stylophyllidae,0,1,1,2,colonial,lamellar,,z,,NA,NA,NA,NA
Makridinophyllia,Dendrophylliidae,0,1,1,0,solitary,fungiform,small,az,,NA,NA,NA,NA
Manicina,Faviidae,1,1,1,3,colonial,massive,,z,,NA,NA,NA,NA
Mapucheastrea,Montlivaltiidae,0,1,1,2,colonial,massive,,z,,NA,NA,NA,NA
Mareastraea,Mussidae,0,1,1,2,colonial,massive,,z,,NA,NA,NA,NA
Margarastraea,Montlivaltiidae,0,1,1,4,colonial,lamellar,,z,,Z,"{Martindale, 2012 #13474}",Corallum shape with depth,1
Margarastreopsis,Montlivaltiidae,0,1,1,4,colonial,massive,,z,,NA,NA,NA,NA
Margarogyra,Coryphylliidae,0,1,1,3,colonial,lamellar,,z,,NA,NA,NA,NA
Margarophyllia,Margarophylliidae,0,1,1,0,solitary,turbinate,medium,az,z,Z,"{Stanley, 1995 #600}",isotope data from skeleton,3
Margarosmilia,Margarophylliidae,0,1,1,1,colonial,phaceloid,,z,az,Z,"{Stanley, 1995 #600}",isotope data from skeleton,3
Matejkia,Mussidae,0,1,1,2,colonial,lamellar,,z,,NA,NA,NA,NA
Mckenziephyllia,Faviidae,0,1,1,2,colonial,foliaceous,,z,,NA,NA,NA,NA
Meandraraea,Haplaraeidae,0,1,1,3,colonial,massive,,z,,Z,"{Rosen, 2000 #6594}",Corallum shape with depth,1
Meandrastrea,Montlivaltiidae,0,1,1,4,colonial,massive,,z,,NA,NA,NA,NA
Meandrina,Meandrinidae,1,1,1,4,colonial,massive,,z,,Z,"{Perrin, 2012 #14453}",Uniformitarian,1
Meandrophyllia,Haplaraeidae,0,1,1,4,colonial,massive,,z,,Z,"{Rosen, 2000 #6594}",Corallum shape with depth,1
Meandrostylophyllum,Stylophyllidae,0,1,1,4,colonial,massive,,z,,NA,NA,NA,NA
Meandrovolzeia,Volzeiidae,0,1,1,4,colonial,massive,,z,,NA,NA,NA,NA
Melikerona,Dendrogyriidae,0,1,1,2,colonial,massive,,z,,NA,NA,NA,NA
Merulina,Merulinidae,1,1,1,4,colonial,lamellar,,z,,NA,NA,NA,NA
Mesomorpha,Curtoseriidae,0,1,1,3,colonial,massive,,z,,Z,"{Tom†s, 2008 #11508}",Corallum shape with depth,1
Micrabacia,Micrabaciidae,0,1,1,0,solitary,cupolate,small,az,,NA,NA,NA,NA
Micromussa,Mussidae,1,1,1,2,colonial,massive,,z,,NA,NA,NA,NA
Microphyllia,Latomeandridae,0,1,1,4,colonial,massive,,z,,Z,"{Rosen, 2000 #6594}",Corallum shape with depth,1
Microphylliopsis,Latomeandridae,0,1,1,4,colonial,massive,,z,,NA,NA,NA,NA
Microsmilia,Guyniidae,0,1,1,0,solitary,ceratoid,small,az,,NA,NA,NA,NA
Microsolena,Microsolenidae,0,1,1,3,colonial,massive,,z,,Z,"{Nose, 1995 #2227}",Corallum shape with depth,1
Microsolenastraea,Microsolenidae,0,1,1,3,colonial,massive,,z,,NA,NA,NA,NA
Minasteria,Pamiroseriidae,0,1,1,2,colonial,lamellar,,z,,NA,NA,NA,NA
Miophora,Cyathophoridae,0,1,1,2,colonial,massive,,z,,?,"{Perrin, 2012 #14453}",,NA
Mioscapophyllia,Merulinidae,0,1,1,3,colonial,massive,,z,,Z,"{Perrin, 2012 #14453}",Uniformitarian,1
Mioseris,Agariciidae,0,1,1,2,colonial,,,z,,Z,"{Perrin, 2012 #14453}",Uniformitarian,1
Misistella,Misistellidae,0,1,1,2,colonial,phaceloid,,z,az,NA,NA,NA,NA
Mitrodendron,Amphiastreidae,0,1,1,1,colonial,phaceloid,,z,az,NA,NA,NA,NA
Mixastraea,Latomeandridae,0,1,1,2,colonial,massive,,z,,Z,"{Tom†s, 2008 #11508}",Corallum shape with depth,1
Monstroseris,Stylophyllidae,0,1,1,2,colonial,massive,,z,,NA,NA,NA,NA
Montastraea,Faviidae,1,1,1,2,colonial,massive,,z,,NA,NA,NA,NA
Monticulastraea,Faviidae,0,1,1,2,colonial,massive,,z,,NA,NA,NA,NA
Montipora,Acroporidae,1,1,1,2,colonial,lamellar,,z,,Z,"{Perrin, 2012 #14453}",Uniformitarian,1
Montlivaltia,Montlivaltiidae,0,1,1,0,solitary,cylindrical,large,z,,NA,NA,NA,NA
Morphastrea,Thamnasteriidae,0,1,1,3,colonial,lamellar,,z,,NA,NA,NA,NA
Morycastraea,Pamiroseriidae,0,1,1,2,colonial,phaceloid,,z,,NA,NA,NA,NA
Multicolumnastraea,Faviidae,0,1,1,2,colonial,massive,,z,,NA,NA,NA,NA
Mussa,Mussidae,1,1,1,3,colonial,flabellate,,z,,NA,NA,NA,NA
Mussismilia,Mussidae,1,1,1,2,colonial,massive,,z,,Z,"{Perrin, 2012 #14453}",Uniformitarian,1
Mycedium,Pectiniidae,1,1,1,3,colonial,lamellar,,z,,Z,"{Perrin, 2012 #14453}",Uniformitarian,1
Mycetaraea,Microsolenidae,0,1,1,3,colonial,massive,,z,,NA,NA,NA,NA
Mycetophyllia,Mussidae,1,1,1,3,colonial,lamellar,,z,,Z,"{Perrin, 2012 #14453}",Uniformitarian,1
Myriophyllia,Faviidae,0,1,1,4,colonial,massive,,z,,NA,NA,NA,NA
Myriophyllum,Procyclolitidae,0,1,1,0,solitary,discoid,medium,az,z,NA,NA,NA,NA
Nefocoenia,Faviidae,0,1,1,2,colonial,massive,,z,,NA,NA,NA,NA
Nefophyllia,Meandrinidae,0,1,1,1,colonial,phaceloid,,az,z,NA,NA,NA,NA
Negoporites,Negoporitidae,0,1,1,3,colonial,massive,,z,,NA,NA,NA,NA
Neocaeniopsis,Pachyphyllidae,0,1,1,2,colonial,massive,,z,,NA,NA,NA,NA
Neocoenia,Placocoeniidae,0,1,1,2,colonial,massive,,z,,NA,NA,NA,NA
Neoconophyllia,Margarophylliidae,0,1,1,0,solitary,cylindrical,medium,az,z,NA,NA,NA,NA
Nerthastraea,Montlivaltiidae,0,1,1,2,colonial,massive,,z,,?,"{Perrin, 2012 #14453}",,NA
Neuquinosmilia,Montlivaltiidae,0,1,1,0,solitary,cylindrical,medium,az,z,NA,NA,NA,NA
Nevadoseris,Coryphylliidae,0,1,1,2,colonial,lamellar,,z,,NA,NA,NA,NA
Nicaeotrochus,Turbinoliidae,0,1,1,0,solitary,cylindrical,small,az,,?,"{Perrin, 2012 #14453}",,NA
Noriphyllia,Coryphylliidae,0,1,1,0,solitary,cylindrical,small,az,,NA,NA,NA,NA
Notocyathus,Turbinoliidae,1,1,1,0,solitary,trochoid,small,az,,NA,NA,NA,NA
Notophyllia,Dendrophylliidae,1,1,1,0,solitary,cuneiform,small,az,,NA,NA,NA,NA
Oculina,Oculinidae,1,1,1,2,colonial,dendroid,,ap,,AP,"{Perrin, 2012 #14453}",Uniformitarian,1
Odontocyathoides,Caryophylliidae,0,1,1,0,solitary,patellate,small,az,,NA,NA,NA,NA
Odontocyathus,Caryophyllidae,1,1,1,0,solitary,patellate,small,az,,NA,NA,NA,NA
Oedalmia,Reimaniphylliidae,0,1,1,3,colonial,massive,,z,,NA,NA,NA,NA
Oedalmiopsis,Aulastraeoporidae,0,1,1,3,colonial,lamellar,,z,,NA,NA,NA,NA
Ogilviastraea,Faviidae,0,1,1,1,colonial,dendroid,,az,,NA,NA,NA,NA
Ogilvinella,Rhipidogyridae,0,1,1,2,colonial,massive,,z,,Z,"{Tom†s, 2008 #11508}",Corallum shape with depth,1
Omphalophyllia,Conophyllidae,0,1,1,0,solitary,cylindrical,medium,az,z,NA,NA,NA,NA
Omphalophylliopsis,Conophyllidae,0,1,1,0,solitary,turbinate,medium,az,z,NA,NA,NA,NA
Onchotrochus,Guyniidae,0,1,1,0,solitary,cylindrical,small,az,,NA,NA,NA,NA
Opisthophyllum,Amphiastreidae,0,1,1,0,solitary,cylindrical,medium,az,z,NA,NA,NA,NA
Oppelismilia,Stylophyllidae,0,1,1,0,solitary,trochoid,medium,az,z,NA,NA,NA,NA
Orbicella,Merulinidae,1,1,1,2,colonial,massive,,z,,NA,NA,NA,NA
Orbignygyra,Rhipidogyridae,0,1,1,4,colonial,massive,,z,,NA,NA,NA,NA
Oulangia,Rhizangiidae,1,1,1,1,colonial,reptoid,,az,,AZ,"{Perrin, 2012 #14453}",Uniformitarian,1
Oulastrea,Faviidae,1,1,1,2,colonial,encrusting,,z,,NA,NA,NA,NA
Oulophyllia,Faviidae,1,1,1,3,colonial,massive,,z,,NA,NA,NA,NA
Ovalastraeopsis,Andemantastraeidae,0,1,1,2,colonial,massive,,z,,NA,NA,NA,NA
Ovalastrea,Latomeandridae,0,1,1,2,colonial,massive,,z,,Z,"{Tom†s, 2008 #11508}",Corallum shape with depth,1
Oxypora,Pectiniidae,1,1,1,3,colonial,foliaceous,,z,,Z,"{Perrin, 2012 #14453}",Uniformitarian,1
Oxysmilia,Caryophylliidae,1,1,1,0,solitary,cylindrical,medium,az,z,NA,NA,NA,NA
Pachydendron,Zardinophyllidae,0,1,1,1,colonial,phaceloid,,z,az,NA,NA,NA,NA
Pachygyra,Meandrinidae,0,1,1,3,colonial,flabellate,,z,,NA,NA,NA,NA
Pachyphyllia,Pachyphylliidae,0,1,1,2,colonial,foliaceous,,az,,NA,NA,NA,NA
Pachyseris,Agariciidae,1,1,1,3,colonial,foliaceous,,z,,Z,"{Perrin, 2012 #14453}",Uniformitarian,1
Pachysmilia,Zardinophyllidae,0,1,1,1,colonial,dendroid,,az,,NA,NA,NA,NA
Pachysolenia,Zardinophyllidae,0,1,1,1,colonial,phaceloid,,z,az,Z,"{Stanley, 1995 #600}",isotope data from skeleton,3
Pachythecalis,Zardinophyllidae,0,1,1,0,solitary,ceratoid,large,z,,Z,"{Stanley, 1995 #600}",isotope data from skeleton,3
Pachythecophyllia,Heterocoeniidae,0,1,1,1,colonial,phaceloid,,z,,NA,NA,NA,NA
Palaeastraea,Reimaniphylliidae,0,1,1,2,colonial,massive,,z,,NA,NA,NA,NA
Palaeohelia,Oculinidae,0,1,1,1,colonial,dendroid,,az,,NA,NA,NA,NA
Palaeomussa,Mussidae,0,1,1,0,solitary,turbinate,small,az,,NA,NA,NA,NA
Palaeoplesiastraea,Columastreidae,0,1,1,2,colonial,massive,,z,,NA,NA,NA,NA
Palaeopsammia,Dendrophylliidae,0,1,1,0,solitary,patellate,small,az,,NA,NA,NA,NA
Palauastrea,Astrocoeniidae,1,1,1,2,colonial,ramose,,z,,NA,NA,NA,NA
Paleoastroides,Dendrophylliidae,0,1,1,2,colonial,massive,,z,,AZ,"{Perrin, 2012 #14453}",Uniformitarian,1
Palocyathus,Turbinoliidae,0,1,1,0,solitary,turbinate,small,az,,NA,NA,NA,NA
Pamirophyllum,Stylophyllidae,0,1,1,2,colonial,massive,,z,,NA,NA,NA,NA
Pamiroseris,Pamiroseriidae,0,1,1,3,colonial,lamellar,,z,,Z,"{Morycowa, 2010 #12813}",Corallum shape with depth,1
Paraacanthogyra,Aulastraeoporidae,0,1,1,2,colonial,massive,,z,,NA,NA,NA,NA
Paracarolastraea,Carolastraeidae,0,1,1,1,colonial,phaceloid,,z,az,NA,NA,NA,NA
Paraclausastraea,Montlivaltiidae,0,1,1,3,colonial,massive,,z,,NA,NA,NA,NA
Paracuifia,Reimaniphylliidae,0,1,1,2,colonial,phaceloid,,az,,NA,NA,NA,NA
Paracyathus,Caryophylliidae,1,1,1,0,solitary,turbinate,small,az,,AZ,"{Perrin, 2012 #14453}",Uniformitarian,1
Paracycloseris,Cyclolitidae,0,1,1,0,solitary,patellate,medium,az,z,NA,NA,NA,NA
Paramontlivaltia,Agariciidae,0,1,1,0,solitary,cylindrical,medium,az,z,NA,NA,NA,NA
Paraphyllogyra,Montlivaltiidae,0,1,1,4,colonial,massive,,z,,NA,NA,NA,NA
Paraplacocoenia,Placocoeniidae,0,1,1,2,colonial,massive,,z,,NA,NA,NA,NA
Parapleurosmilia,Zardinophyllidae,0,1,1,0,solitary,trochoid,medium,az,z,NA,NA,NA,NA
Parasimplastrea,Faviidae,1,1,1,2,colonial,encrusting,,z,,NA,NA,NA,NA
Parasmilia,Caryophylliidae,0,1,1,0,solitary,trochoid,small,az,,AZ,"{Perrin, 2012 #14453}",Uniformitarian,1
Parastraeomorpha,Astraeomorphidae,0,1,1,3,colonial,massive,,z,,NA,NA,NA,NA
Parastraeopora,Acroporidae,0,1,1,2,colonial,foliaceous,,z,,NA,NA,NA,NA
Parasynastraea,Agathiphylliidae,0,1,1,3,colonial,massive,,z,,NA,NA,NA,NA
Paravolzeia,Protoheterstraeidae,0,1,1,1,colonial,phaceloid,,az,z,NA,NA,NA,NA
Parepismilia,Donacosmilidae,0,1,1,0,solitary,turbinate,large,z,,NA,NA,NA,NA
Paretallonia,Acroporidae,0,1,1,2,colonial,massive,,z,,NA,NA,NA,NA
Pattalophyllia,Faviidae,0,1,1,0,solitary,turbinate,small,az,,Z,"{Perrin, 2012 #14453}",Uniformitarian,1
Pavona,Agariciidae,1,1,1,3,colonial,massive,,z,,Z,"{Perrin, 2012 #14453}",Uniformitarian,1
Pectinia,Pectiniidae,1,1,1,3,colonial,foliaceous,,z,,NA,NA,NA,NA
Pentacoenia,Cyathophoridae,0,1,1,2,colonial,massive,,z,,NA,NA,NA,NA
Peplosmilia,Montlivaltiidae,0,1,1,0,solitary,turbinate,medium,z,az,NA,NA,NA,NA
Peponocyathus,Turbinoliidae,1,1,1,0,solitary,cuneiform,small,az,,AZ,"{Perrin, 2012 #14453}",Uniformitarian,1
Periseris,Latomeandridae,0,1,1,3,colonial,massive,,z,,Z,"{Lathuiliäre, 2000 #5075}",Corallum shape with depth,1
Petrophyllia,Oculinidae,1,1,1,1,colonial,dendroid,,az,,NA,NA,NA,NA
Petrophylliella,Faviidae,0,1,1,0,solitary,ceratoid,small,az,,Z,"{Perrin, 2012 #14453}",Uniformitarian,1
Phacelepismilia,Stylophyllidae,0,1,1,1,colonial,dendroid,,az,,NA,NA,NA,NA
Phacellocoenia,Faviidae,0,1,1,2,colonial,massive,,z,,NA,NA,NA,NA
Phacelophyllia,Conophyllidae,0,1,1,1,colonial,phaceloid,,az,z,NA,NA,NA,NA
Phacelostylophyllum,Stylophyllidae,0,1,1,1,colonial,phaceloid,,z,az,NA,NA,NA,NA
Phragmosmilia,Meandrinidae,0,1,1,0,solitary,trochoid,small,az,,NA,NA,NA,NA
Phyllangia,Rhizangiidae,1,1,1,1,colonial,lamellar,,az,,AZ,"{Perrin, 2012 #14453}",Uniformitarian,1
Phyllogyra,Montlivaltiidae,0,1,1,4,colonial,massive,,z,,NA,NA,NA,NA
Phylloseris,Procyclolitidae,0,1,1,3,colonial,lamellar,,z,,NA,NA,NA,NA
Phyllosmilia,Meandrinidae,0,1,1,0,solitary,flabellate,medium,az,z,NA,NA,NA,NA
Physogyra,Euphyllidae,1,1,1,3,colonial,massive,,z,,NA,NA,NA,NA
Physoseris,Haplaraeidae,0,1,1,0,solitary,cylindrical,,az,,NA,NA,NA,NA
Phytogyra,Rhipidogyridae,0,1,1,3,colonial,massive,,z,,NA,NA,NA,NA
Pinacophyllum,Stylophyllidae,0,1,1,1,colonial,phaceloid,,az,z,NA,NA,NA,NA
Pindosmilia,Stylophyllidae,0,1,1,2,colonial,,,,,?,"{Perrin, 2012 #14453}",Uniformitarian,1
Pironastrea,Siderastreidae,0,1,1,3,colonial,massive,,z,,NA,NA,NA,NA
Placocoenia,Placocoeniidae,0,1,1,2,colonial,massive,,z,,NA,NA,NA,NA
Placogyra,Rhipidogyridae,0,1,1,3,colonial,massive,,z,,NA,NA,NA,NA
Placohelia,Rhipidogyridae,0,1,1,2,colonial,massive,,z,,NA,NA,NA,NA
Placophyllia,Placophylliidae,0,1,1,1,colonial,phaceloid,,z,az,NA,NA,NA,NA
Placosmilia,Placosmiliidae,0,1,1,4,colonial,flabellate,,z,,NA,NA,NA,NA
Placotrochus,Flabellidae,1,1,1,0,solitary,cylindrical,small,az,,NA,NA,NA,NA
Platycoenia,Astrocoeniidae,0,1,1,2,colonial,massive,,z,,Z,"{Perrin, 2012 #14453}",Uniformitarian,1
Platygyra,Faviidae,1,1,1,4,colonial,massive,,z,,Z,"{Perrin, 2012 #14453}",Uniformitarian,1
Platyhelia,Rhizangiidae,0,1,1,2,colonial,reptoid,,az,,NA,NA,NA,NA
Platytrochus,Turbinoliidae,1,1,1,0,solitary,cuneiform,small,az,,NA,NA,NA,NA
Plavecia,Faviidae,0,1,1,4,solitary,massive,,z,,NA,NA,NA,NA
Plerogyra,Euphyllidae,1,1,1,4,colonial,flabellate,,z,,Z,"{Perrin, 2012 #14453}",Uniformitarian,1
Plesiastrea,Faviidae,1,1,1,2,colonial,massive,,z,,Z,"{Perrin, 2012 #14453}",Uniformitarian,1
Plesiocoenia,Smilotrochiidae,0,1,1,2,colonial,massive,,z,,NA,NA,NA,NA
Plesiophyllum,Zardinophyllidae,0,1,1,0,solitary,trochoid,small,az,,NA,NA,NA,NA
Plesiosmilia,Smilotrochiidae,0,1,1,0,solitary,turbinate,small,az,,NA,NA,NA,NA
Pleuroaulastrea,Amphiastreidae,0,1,1,1,colonial,phaceloid,,z,,NA,NA,NA,NA
Pleurocora,Haplaraeidae,0,1,1,2,colonial,ramose,,z,,NA,NA,NA,NA
Pleurophyllia,Amphiastreidae,0,1,1,1,colonial,phaceloid,,az,z,NA,NA,NA,NA
Pleuropodia,Turbinoliidae,0,1,1,0,solitary,cylindrical,small,az,,NA,NA,NA,NA
Pleurosmilia,Axosmiliidae,0,1,1,0,solitary,trochoid,medium,az,z,NA,NA,NA,NA
Pleurostylina,Amphiastreidae,0,1,1,2,colonial,massive,,z,,NA,NA,NA,NA
Pocillopora,Pocilloporidae,1,1,1,2,colonial,ramose,,z,,Z,"{Perrin, 2012 #14453}",Uniformitarian,1
Podabacia,Fungiidae,1,1,1,3,colonial,foliaceous,,z,,NA,NA,NA,NA
Podoseris,Haplaraeidae,0,1,1,0,solitary,tympanoid,,az,,NA,NA,NA,NA
Pokljukosmilia,Reimaniphylliidae,0,1,1,1,colonial,phaceloid,,z,az,NA,NA,NA,NA
Polyastropsis,Thamnasteriidae,0,1,1,3,colonial,massive,,z,,NA,NA,NA,NA
Polycyathus,Caryophylliidae,1,1,1,1,colonial,lamellar,,az,,AZ,"{Perrin, 2012 #14453}",Uniformitarian,1
Polymorphastraea,Amphiastreidae,0,1,1,1,solitary,dendroid,small,az,,NA,NA,NA,NA
Polyphylloseris,Microsolenidae,0,1,1,3,colonial,lamellar,,z,,Z,"{Tom†s, 2008 #11508}",Corallum shape with depth,1
Pontebbastraea,Protoheterstraeidae,0,1,1,1,colonial,phaceloid,,az,z,NA,NA,NA,NA
Porites,Poritidae,1,1,1,2,colonial,massive,,z,,Z,"{Perrin, 2012 #14453}",Uniformitarian,1
Pourtalocyathus,Schizocyathidae,1,1,1,0,solitary,trochoid,small,az,,NA,NA,NA,NA
Preverastraea,Aulastraeoporidae,0,1,1,2,colonial,massive,,z,,NA,NA,NA,NA
Primorodendron,Reimaniphylliidae,0,1,1,1,colonial,dendroid,,az,z,NA,NA,NA,NA
Proaplophyllia,Stylinidae,0,1,1,1,colonial,phaceloid,,z,az,NA,NA,NA,NA
Procyathophora,Stylinidae,0,1,1,2,colonial,massive,,z,,NA,NA,NA,NA
Procyclolites,Procyclolitidae,0,1,1,0,solitary,trochoid,large,z,az,NA,NA,NA,NA
Prodonacosmilia,Donacosmiliidae,0,1,1,1,colonial,phaceloid,,z,az,NA,NA,NA,NA
Progyrosmilia,Meandrinidae,0,1,1,3,colonial,massive,,z,,NA,NA,NA,NA
Proleptophyllia,Acrosmiliidae,0,1,1,0,solitary,turbinate,medium,az,z,NA,NA,NA,NA
Promargarosmilia,Margarophylliidae,0,1,1,1,colonial,phaceloid,,z,az,NA,NA,NA,NA
Proretiophyllia,Reimaniphylliidae,0,1,1,1,colonial,phaceloid,,az,,NA,NA,NA,NA
Protoheterastrea,Protoheterstraeidae,0,1,1,0,solitary,cylindrical,small,az,,NA,NA,NA,NA
Protoseris,Calamophylliidae,0,1,1,3,colonial,foliaceous,,z,,NA,NA,NA,NA
Protostylophyllum,Stylophyllidae,0,1,1,0,solitary,turbinate,small,az,,NA,NA,NA,NA
Pruvostastraea,Rhipidogyridae,0,1,1,2,colonial,massive,,z,,NA,NA,NA,NA
Psammocora,Siderastreidae,1,1,1,2,colonial,massive,,z,,NA,NA,NA,NA
Psammocyathus,Caryophylliidae,0,1,1,0,solitary,turbinate,,az,,AZ,"{Perrin, 2012 #14453}",Uniformitarian,1
Psammogyra,Rhipidogyridae,0,1,1,3,colonial,massive,,z,,NA,NA,NA,NA
Psammohelia,Stylinidae,0,1,1,2,colonial,massive,,z,,NA,NA,NA,NA
Pseudisastraea,Faviidae,0,1,1,2,colonial,,,z,,NA,NA,NA,NA
Pseudocoenia,Stylinidae,0,1,1,2,colonial,massive,,z,,NA,NA,NA,NA
Pseudocoeniopsis,Stylinidae,0,1,1,2,colonial,massive,,z,,NA,NA,NA,NA
Pseudodiplocoenia,Amphiastreidae,0,1,1,2,colonial,massive,,z,,NA,NA,NA,NA
Pseudofavia,Haplaraeidae,0,1,1,2,colonial,massive,,z,,NA,NA,NA,NA
Pseudoironella,Rhipidogyridae,0,1,1,2,colonial,massive,,z,,NA,NA,NA,NA
Pseudomyriophyllia,Faviidae,0,1,1,4,colonial,massive,,z,,NA,NA,NA,NA
Pseudopisthophyllum,Amphiastreidae,0,1,1,1,colonial,phaceloid,,z,az,NA,NA,NA,NA
Pseudosiderastrea,Siderastreidae,1,1,1,2,colonial,massive,,z,,NA,NA,NA,NA
Psilogyra,Rhipidogyridae,0,1,1,4,colonial,massive,,z,,NA,NA,NA,NA
Puschastraea,Montlivaltiidae,0,1,1,2,colonial,massive,,z,,NA,NA,NA,NA
Quenstedtiphyllia,Amphiastraeidae,0,1,1,1,colonial,phaceloid,,z,az,NA,NA,NA,NA
Radiophyllia,Zardinophyllidae,0,1,1,0,solitary,trochoid,small,az,,NA,NA,NA,NA
Recticostastraea,Thamnasteriidae,0,1,1,3,colonial,lamellar,,z,,NA,NA,NA,NA
Remismilia,Protoheterastraeidae,0,1,1,1,colonial,phaceloid,,z,,NA,NA,NA,NA
Rennensismilia,Meandrinidae,0,1,1,0,solitary,flabellate,medium,z,az,NA,NA,NA,NA
Retiophyllia,Reimaniphylliidae,0,1,1,1,colonial,phaceloid,,z,az,Z,"{Stanley, 1995 #600}",isotope data from skeleton,3
Reussicoenia,Phyllocoeniidae,0,1,1,2,colonial,massive,,z,,NA,NA,NA,NA
Reussiphyllon,Fungiidae,0,1,1,3,colonial,lamellar,,z,,NA,NA,NA,NA
Reussopsammia,Dendrophylliidae,0,1,1,1,colonial,dendroid,,az,z,AZ,"{Perrin, 2012 #14453}",Uniformitarian,1
Rhabdophyllia,Montlivaltiidae,0,1,1,1,colonial,phaceloid,,z,az,NA,NA,NA,NA
Rhabdopsammia,Dendrophylliidae,0,1,1,1,colonial,phaceloid,,az,z,NA,NA,NA,NA
Rhaetiastraea,Pamiroseriidae,0,1,1,2,colonial,massive,,z,,NA,NA,NA,NA
Rhipidastraea,Rhipidastraeidae,0,1,1,2,colonial,massive,,z,,NA,NA,NA,NA
Rhipidogyra,Rhipidogyridae,0,1,1,3,colonial,flabellate,,z,,NA,NA,NA,NA
Rhipidomeandra,Rhipidogyridae,0,1,1,4,colonial,massive,,z,,NA,NA,NA,NA
Rhipidosmilia,Rhipidogyridae,0,1,1,1,colonial,flabellate,,az,,NA,NA,NA,NA
Rhizangia,Rhizangiidae,0,1,1,1,colonial,reptoid,,az,,AZ,"{Perrin, 2012 #14453}",Uniformitarian,1
Rhizopsammia,Dendrophylliidae,1,1,1,1,colonial,reptoid,,az,,NA,NA,NA,NA
Rhizotrochus,Flabellidae,1,1,1,0,solitary,turbinate,medium,az,,NA,NA,NA,NA
Rhopalodendron,Conophyllidae,0,1,1,1,colonial,phaceloid,,z,az,NA,NA,NA,NA
Rodinosmilia,Volzeiidae,0,1,1,0,solitary,cylindrical,large,z,,NA,NA,NA,NA
Sakalavastraea,Faviidae,0,1,1,2,colonial,massive,,z,,NA,NA,NA,NA
Saltocyathus,Rhipidogyridae,0,1,1,0,solitary,trochoid,large,z,,NA,NA,NA,NA
Sandalolitha,Fungiidae,1,1,1,3,colonial,massive,,z,,NA,NA,NA,NA
Scalariogyra,Meandrinidae,0,1,1,4,colonial,massive,,z,,NA,NA,NA,NA
Schizoculina,Oculinidae,1,1,1,2,colonial,ramose,,z,,NA,NA,NA,NA
Schizocyathus,Guyniidae,1,1,1,0,solitary,ceratoid,small,az,,NA,NA,NA,NA
Sclerhelia,Oculinidae,1,1,1,1,colonial,dendroid,,az,,AZ,"{Perrin, 2012 #14453}",Uniformitarian,1
Scolymia,Mussidae,1,1,1,0,solitary,discoid,large,z,,Z,"{Perrin, 2012 #14453}",Uniformitarian,1
Selenegyra,Amphiastreidae,0,1,1,1,colonial,phaceloid,,z,az,NA,NA,NA,NA
Semeloseris,Microsolenidae,0,1,1,3,colonial,discoid,,z,,NA,NA,NA,NA
Semidistichophyllum,Margarophylliidae,0,1,1,1,colonial,phaceloid,,z,az,NA,NA,NA,NA
Septastrea,Rhizangiidae,0,1,1,2,colonial,ramose,,az,,NA,NA,NA,NA
Seriastraea,Astraeomorphidae,0,1,1,3,colonial,lamellar,,z,,NA,NA,NA,NA
Seriatopora,Pocilloporidae,1,1,1,2,colonial,ramose,,z,,Z,"{Perrin, 2012 #14453}",Uniformitarian,1
Sichuanophyllia,Zardinophyllidae,0,1,1,2,colonial,,,z,,NA,NA,NA,NA
Siderastrea,Siderastreidae,1,1,1,2,colonial,massive,,z,,Z,"{Perrin, 2012 #14453}",Uniformitarian,1
Siderastreites,Siderastreidae,0,1,1,2,colonial,massive,,z,,NA,NA,NA,NA
Siderofungia,Siderastreidae,0,1,1,3,colonial,massive,,z,,Z,"{Perrin, 2012 #14453}",Uniformitarian,1
Sideroseris,Siderastreidae,0,1,1,0,solitary,subcylindrical,small,az,,NA,NA,NA,NA
Siderosmilia,Siderastreidae,0,1,1,1,colonial,phaceloid,,az,z,NA,NA,NA,NA
Silesiastraea,Cuifastraeidae,0,1,1,3,colonial,lamellar,,z,,NA,NA,NA,NA
Silingastraea,Cyathophoridae,0,1,1,2,colonial,massive,,z,,NA,NA,NA,NA
Simplexastraea,Zardinophyllidae,0,1,1,1,colonial,phaceloid,,z,az,NA,NA,NA,NA
Sinaimeandra,Montlivaltiidae,0,1,1,3,colonial,massive,,z,,NA,NA,NA,NA
Sinuosiphyllia,Meandriidae,0,1,1,4,colonial,massive,,z,,NA,NA,NA,NA
Smilostylia,Smilostyliidae,0,1,1,1,colonial,phaceloid,,z,az,NA,NA,NA,NA
Smilotrochus,Caryophylliidae,0,1,1,0,solitary,trochoid,small,az,,AZ,"{Perrin, 2012 #14453}",Uniformitarian,1
Solenastrea,Faviidae,1,1,1,2,colonial,massive,,z,,Z,"{Perrin, 2012 #14453}",Uniformitarian,1
Solenocoenia,Stylinidae,0,1,1,2,colonial,massive,,z,,NA,NA,NA,NA
Somalica,Rhipidogyridae,0,1,1,2,colonial,massive,,z,,NA,NA,NA,NA
Sphenotrochus,Turbinoliidae,1,1,1,0,solitary,cuneiform,small,az,,AZ,"{Perrin, 2012 #14453}",Uniformitarian,1
Starostinia,Rhipidogyridae,0,1,1,2,colonial,massive,,z,,NA,NA,NA,NA
Stelidioseris,Actinastreidae,0,1,1,2,colonial,massive,,z,,NA,NA,NA,NA
Stelloria,Caryophylliidae,0,1,1,0,solitary,turbinate,small,az,,NA,NA,NA,NA
Stenocyathus,Guyniidae,1,1,1,0,solitary,ceratoid,small,az,,NA,NA,NA,NA
Stephanastrea,Actinastreidae,0,1,1,2,colonial,massive,,z,,NA,NA,NA,NA
Stephanaxocoenia,Faviidae,0,1,1,2,colonial,massive,,z,,NA,NA,NA,NA
Stephanaxophyllia,Columastreidae,0,1,1,2,colonial,massive,,z,,NA,NA,NA,NA
Stephanocoenia,Astrocoeniidae,1,1,1,2,colonial,massive,,z,,Z,"{Perrin, 2012 #14453}",Uniformitarian,1
Stephanocyathus,Caryophylliidae,1,1,1,0,solitary,patellate,medium,az,,AZ,"{Perrin, 2012 #14453}",Uniformitarian,1
Stephanomorpha,Siderastreidae,0,1,1,2,colonial,massive,,z,,NA,NA,NA,NA
Stephanophyllia,Micrabaciidae,1,1,1,0,solitary,cupolate,small,az,,AZ,"{Perrin, 2012 #14453}",Uniformitarian,1
Stephanosmilia,Caryophylliidae,0,1,1,0,solitary,trochoid,small,az,,NA,NA,NA,NA
Stereocaenia,Thamnasteriidae,0,1,1,3,colonial,massive,,z,,NA,NA,NA,NA
Stibastrea,Calamophylliidae,0,1,1,4,colonial,massive,,z,,NA,NA,NA,NA
Stiboriopsis,Haplaraeidae,0,1,1,2,colonial,massive,,z,,NA,NA,NA,NA
Strotogyra,Meandrinidae,0,1,1,2,colonial,flabellate,,z,,NA,NA,NA,NA
Stuoresia,Guembelastraeidae,0,1,1,2,colonial,massive,,z,,Z,"{Stanley, 1995 #600}",isotope data from skeleton,3
Stuoresimorpha,Alpinophylliidae,0,1,1,3,colonial,massive,,z,,NA,NA,NA,NA
Stylangia,Stylinidae,0,1,1,1,colonial,dendroid,,az,,NA,NA,NA,NA
Stylina,Stylinidae,0,1,1,2,colonial,massive,,z,,NA,NA,NA,NA
Stylocoenia,Astrocoeniidae,0,1,1,2,colonial,massive,,z,,Z,"{Perrin, 2012 #14453}",Uniformitarian,1
Stylocoeniella,Astrocoeniidae,1,1,1,2,colonial,lamellar,,z,,Z,"{Perrin, 2012 #14453}",Uniformitarian,1
Stylocora,Faviidae,0,1,1,1,colonial,dendroid,,az,,Z,"{Perrin, 2012 #14453}",Uniformitarian,1
Stylocyathus,Caryophylliidae,0,1,1,0,solitary,turbinate,small,az,,NA,NA,NA,NA
Stylohelia,Stylinidae,0,1,1,2,colonial,massive,,z,,NA,NA,NA,NA
Stylophora,Pocilloporidae,1,1,1,2,colonial,massive,,z,,Z,"{Perrin, 2012 #14453}",Uniformitarian,1
Stylophyllopsis,Stylophyllidae,0,1,1,0,solitary,turbinate,medium,z,az,Z,"{Stanley, 1995 #600}",isotope data from skeleton,3
Stylophyllum,Stylophyllidae,0,1,1,0,solitary,turbinate,medium,z,az,NA,NA,NA,NA
Stylosmilia,Stylinidae,0,1,1,1,colonial,phaceloid,,z,az,NA,NA,NA,NA
Submargarosmilia,Margarophylliidae,0,1,1,2,colonial,massive,,z,,NA,NA,NA,NA
Substuoresia,Thamnasteriidae,0,1,1,3,colonial,massive,,z,,NA,NA,NA,NA
Summigaraea,Haplaraeidae,0,1,1,4,colonial,massive,,z,,NA,NA,NA,NA
Symbiangia,Rhizangiidae,0,1,1,2,colonial,massive,,az,,NA,NA,NA,NA
Symphyllia,Mussidae,1,1,1,3,colonial,flabellate,,z,,NA,NA,NA,NA
Synastrea,Synastraeidae,0,1,1,3,colonial,massive,,z,,NA,NA,NA,NA
Synhelia,Calamophylliidae,0,1,1,1,colonial,dendroid,,az,,NA,NA,NA,NA
Syzygophyllia,Mussidae,0,1,1,0,solitary,cylindrical,large,z,,Z,"{Perrin, 2012 #14453}",Uniformitarian,1
Tarbellastraea,Faviidae,0,1,1,2,colonial,massive,,z,,Z,"{Perrin, 2012 #14453}",Uniformitarian,1
Taxogyra,Placocoeniidae,0,1,1,4,colonial,massive,,z,,NA,NA,NA,NA
Tethocyathus,Caryophylliidae,1,1,1,0,solitary,turbinate,small,az,,AZ,"{Perrin, 2012 #14453}",Uniformitarian,1
Thalamocaeniopsis,Latomeandridae,0,1,1,2,colonial,massive,,z,,NA,NA,NA,NA
Thamnarea,Actinacididae,0,1,1,3,colonial,massive,,z,,NA,NA,NA,NA
Thamnasteria,Thamnasteriidae,0,1,1,3,colonial,massive,,z,,Z,"{Lathuiliäre, 2000 #5075}",Corallum shape with depth,1
Thamnasteriamorpha,Thamnasteriidae,0,1,1,3,colonial,massive,,z,,NA,NA,NA,NA
Thamnasterites,,0,1,1,2,colonial,massive,,z,,NA,NA,NA,NA
Thamnocoenia,Meandriidae,0,1,1,1,colonial,dendroid,,az,,NA,NA,NA,NA
Thamnomargarosmilia,Margarophylliidae,0,1,1,3,colonial,phaceloid,,z,az,NA,NA,NA,NA
Thamnoseris,Latomeandridae,0,1,1,3,colonial,massive,,z,,Z,"{Tom†s, 2008 #11508}",Corallum shape with depth,1
Thecactinastraea,Actinastreidae,0,1,1,2,colonial,phaceloid,,az,z,NA,NA,NA,NA
Thecidiosmilia,Heterocoeniidae,0,1,1,2,colonial,massive,,z,,NA,NA,NA,NA
Thecocyathus,Caryophylliidae,0,1,1,0,solitary,turbinate,small,az,,NA,NA,NA,NA
Thecomeandra,Montlivaltiidae,0,1,1,4,colonial,massive,,z,,NA,NA,NA,NA
Thecopsammia,Dendrophylliidae,1,1,1,0,solitary,turbinate,small,az,,NA,NA,NA,NA
Thecoseris,Procyclolitidae,0,1,1,0,solitary,turbinate,small,az,,NA,NA,NA,NA
Thecosmilia,Montlivaltiidae,0,1,1,1,colonial,phaceloid,,z,,NA,NA,NA,NA
Thysanus,Faviidae,0,1,1,3,colonial,flabellate,,z,,NA,NA,NA,NA
Tiaradendron,Rhipidogyridae,0,1,1,1,colonial,dendroid,,az,,AZ,"{Gill, 2004 #10191}",Dendroid growth,3
Tiarasmilia,Caryophylliidae,0,1,1,0,solitary,trochoid,small,az,,NA,NA,NA,NA
Tirnovimeandra,Trochoidomeandridae,0,1,1,4,colonial,massive,,z,,NA,NA,NA,NA
Toechastraea,Reimaniphylliidae,0,1,1,2,colonial,massive,,z,,Z,"{Stanley, 1995 #600}",isotope data from skeleton,3
Tortoflabellum,Meandrinidae,0,1,1,3,colonial,flabellate,,z,,AZ,"{Perrin, 2012 #14453}",Uniformitarian,1
Trachyphyllia,Mussidae,1,1,1,1,colonial,flabellate,,z,,NA,NA,NA,NA
Trematotrochus,Turbinoliidae,1,1,1,0,solitary,ceratoid,small,az,,NA,NA,NA,NA
Tricassastraea,Isastreidae,0,1,1,2,colonial,massive,,z,,NA,NA,NA,NA
Tricycloseris,Microsolenidae,0,1,1,3,colonial,massive,,z,,NA,NA,NA,NA
Trigerastraea,Andemantastraeidae,0,1,1,2,colonial,massive,,z,,NA,NA,NA,NA
Trigerastraeopsis,Andemantastraeidae,0,1,1,4,colonial,massive,,z,,NA,NA,NA,NA
Trocharea,Microsolenidae,0,1,1,0,solitary,turbinate,medium,az,z,NA,NA,NA,NA
Trochocyathus,Caryophylliidae,1,1,1,0,solitary,turbinate,small,az,,AZ,"{Perrin, 2012 #14453}",Uniformitarian,1
Trochoidomeandra,Trochoidomeandridae,0,1,1,1,colonial,flabellate,,az,,NA,NA,NA,NA
Trochophyllia,Montlivaltiidae,0,1,1,0,solitary,trochoid,medium,az,z,NA,NA,NA,NA
Trochoplegma,Microsolenidae,0,1,1,0,solitary,flabellate,small,az,,NA,NA,NA,NA
Trochoplegmopsis,Latomeandridae,0,1,1,0,solitary,flabellate,medium,z,az,NA,NA,NA,NA
Trochoseris,Agariciidae,0,1,1,0,solitary,turbinate,medium,z,az,NA,NA,NA,NA
Trochoseropsis,Agariciidae,0,1,1,0,solitary,cylindrical,small,az,,NA,NA,NA,NA
Trochosmilia,Montlivaltiidae,0,1,1,0,solitary,trochoid,medium,az,z,Z,"{Perrin, 2012 #14453}",Uniformitarian,1
Tropiastraea,Pamiroseriidae,0,1,1,2,colonial,massive,,z,,NA,NA,NA,NA
Tropidendron,Tropiastreidae,0,1,1,1,colonial,phaceloid,,z,az,NA,NA,NA,NA
Tropidocyathus,Caryophylliidae,1,1,1,0,solitary,trochoid,small,az,,NA,NA,NA,NA
Tropiphyllum,Tropiastraeidae,0,1,1,0,solitary,cylindrical,small,az,,NA,NA,NA,NA
Truncatoflabellum,Flabellidae,1,1,1,0,solitary,flabellate,small,az,,NA,NA,NA,NA
Truncoconus,Dermosmiliidae,0,1,1,0,solitary,tympanoid,,az,,NA,NA,NA,NA
Tubastraea,Dendrophylliidae,1,1,1,1,colonial,phaceloid,,az,,NA,NA,NA,NA
Tubicora,Dermosmillidae,0,1,1,1,colonial,phaceloid,,az,z,NA,NA,NA,NA
Turbinaria,Dendrophylliidae,1,1,1,2,colonial,lamellar,,z,,Z,"{Perrin, 2012 #14453}",Uniformitarian,1
Turbinolia,Turbinoliidae,1,1,1,0,solitary,turbinate,small,az,,AZ,"{Perrin, 2012 #14453}",Uniformitarian,1
Turnsekophyllia,Acrosmiliidae,0,1,1,1,colonial,reptoid,,z,,NA,NA,NA,NA
Valliculastraea,Latomeandridae,0,1,1,3,colonial,massive,,z,,NA,NA,NA,NA
Vallimeandra,Latomeandridae,0,1,1,4,colonial,massive,,z,,NA,NA,NA,NA
Vallimeandropsis,Andemantastraeidae,0,1,1,4,colonial,massive,,z,,NA,NA,NA,NA
Variabilifavia,Faviidae,0,1,1,4,colonial,lamellar,,z,,?,"{Perrin, 2012 #14453}",,NA
Vaughanella,Caryophylliidae,1,1,1,0,solitary,trochoid,small,az,,NA,NA,NA,NA
Vaughanoseris,Agariciidae,0,1,1,0,solitary,patellate,,z,,NA,NA,NA,NA
Vielicyathus,Caryophylliidae,0,1,1,0,solitary,turbinate,small,az,,NA,NA,NA,NA
Volzeia,Volzeiidae,0,1,1,1,colonial,phaceloid,,z,az,NA,NA,NA,NA
Wadeopsammia,Dendrophylliidae,0,1,1,0,solitary,turbinate,small,az,,NA,NA,NA,NA
Wellsimeandra,Trochoidomeandridae,0,1,1,4,colonial,massive,,z,,NA,NA,NA,NA
Wellsotrochus,Turbinoliidae,0,1,1,0,solitary,cylindrical,small,az,,NA,NA,NA,NA
Zardinophyllum,Zardinophyllidae,0,1,1,0,solitary,cylindrical,small,az,,NA,NA,NA,NA
Zoopilus,Fungiidae,1,1,1,3,colonial,massive,,z,,NA,NA,NA,NA
Dipsastraea,Merulinidae,1,1,1,2,colonial,massive,,z,,NA,NA,NA,NA
Astrea,Merulinidae,1,1,1,2,colonial,massive,,z,,NA,NA,NA,NA
Pseudodiploria,Mussidae,1,1,1,3,colonial,massive,,z,,NA,NA,NA,NA
Coelastrea,Merulinidae,1,1,1,2,colonial,massive,,z,,NA,NA,NA,NA
Bathelia,Oculinidae,1,1,1,1,colonial,dendroid,,az,,NA,NA,NA,NA
Monomyces,Flabellidae,1,1,1,0,solitary,flabellate,medium,az,,NA,NA,NA,NA
Placocyathus,Caryophylliidae,0,1,1,3,colonial,flabellate,,z,,NA,"{Budd, 1994 #4857}",NA,
Lepidophyllia,Stylophyllidae,0,1,1,3,colonial,massive,,z,,NA,NA,NA,NA
